ISO-10303-21;
HEADER;
FILE_DESCRIPTION (( 'STEP AP214' ),
    '1' );
FILE_NAME ('Push Button GrabCad.STEP',
    '2023-04-25T07:39:13',
    ( '' ),
    ( '' ),
    'SwSTEP 2.0',
    'SolidWorks 2020',
    '' );
FILE_SCHEMA (( 'AUTOMOTIVE_DESIGN' ));
ENDSEC;

DATA;
#1 = DIRECTION ( 'NONE',  ( -1.000000000000000000, 0.000000000000000000, 0.000000000000000000 ) ) ;
#2 = MECHANICAL_DESIGN_GEOMETRIC_PRESENTATION_REPRESENTATION (  '', ( #1776 ), #640 ) ;
#3 = PRESENTATION_STYLE_ASSIGNMENT (( #983 ) ) ;
#4 = ORIENTED_EDGE ( 'NONE', *, *, #2134, .F. ) ;
#5 = PLANE ( 'NONE',  #1725 ) ;
#6 = CARTESIAN_POINT ( 'NONE',  ( 4.270504732119706048, -4.000000000000000000, 0.000000000000000000 ) ) ;
#7 = ORIENTED_EDGE ( 'NONE', *, *, #1714, .F. ) ;
#8 = UNCERTAINTY_MEASURE_WITH_UNIT (LENGTH_MEASURE( 1.000000000000000082E-05 ), #652, 'distance_accuracy_value', 'NONE');
#9 =( GEOMETRIC_REPRESENTATION_CONTEXT ( 3 ) GLOBAL_UNCERTAINTY_ASSIGNED_CONTEXT ( ( #1214 ) ) GLOBAL_UNIT_ASSIGNED_CONTEXT ( ( #1001, #1718, #1306 ) ) REPRESENTATION_CONTEXT ( 'NONE', 'WORKASPACE' ) );
#10 = SURFACE_STYLE_USAGE ( .BOTH. , #538 ) ;
#11 = CARTESIAN_POINT ( 'NONE',  ( 7.750000000000000000, 1.499999999999998668, 3.100000000000000089 ) ) ;
#12 = AXIS2_PLACEMENT_3D ( 'NONE', #643, #1927, #75 ) ;
#13 = DIRECTION ( 'NONE',  ( 1.011922027653137537E-15, -1.000000000000000000, 0.000000000000000000 ) ) ;
#14 = UNCERTAINTY_MEASURE_WITH_UNIT (LENGTH_MEASURE( 1.000000000000000082E-05 ), #2263, 'distance_accuracy_value', 'NONE');
#15 = STYLED_ITEM ( 'NONE', ( #150 ), #2172 ) ;
#16 = VERTEX_POINT ( 'NONE', #1120 ) ;
#17 = AXIS2_PLACEMENT_3D ( 'NONE', #524, #1792, #1392 ) ;
#18 = AXIS2_PLACEMENT_3D ( 'NONE', #1836, #191, #1671 ) ;
#19 = COLOUR_RGB ( '',0.2509803921568627416, 0.2509803921568627416, 0.2509803921568627416 ) ;
#20 = DIRECTION ( 'NONE',  ( -0.000000000000000000, -0.000000000000000000, -1.000000000000000000 ) ) ;
#21 = CARTESIAN_POINT ( 'NONE',  ( 2.200000000000000178, 2.694222958124177006E-16, 5.799999999999999822 ) ) ;
#22 = VECTOR ( 'NONE', #934, 1000.000000000000000 ) ;
#23 = CARTESIAN_POINT ( 'NONE',  ( 3.350000000000000089, 4.102566777143633281E-16, 5.799999999999999822 ) ) ;
#24 = VECTOR ( 'NONE', #160, 1000.000000000000000 ) ;
#25 = PRESENTATION_LAYER_ASSIGNMENT (  '', '', ( #1911 ) ) ;
#26 = SURFACE_STYLE_FILL_AREA ( #1320 ) ;
#27 = ORIENTED_EDGE ( 'NONE', *, *, #1409, .T. ) ;
#28 = VECTOR ( 'NONE', #1510, 1000.000000000000000 ) ;
#29 = SURFACE_STYLE_USAGE ( .BOTH. , #1285 ) ;
#30 = SURFACE_SIDE_STYLE ('',( #2026 ) ) ;
#31 = FILL_AREA_STYLE ('',( #1678 ) ) ;
#32 =( NAMED_UNIT ( * ) SI_UNIT ( $, .STERADIAN. ) SOLID_ANGLE_UNIT ( ) );
#33 = ORIENTED_EDGE ( 'NONE', *, *, #1245, .T. ) ;
#34 = PRESENTATION_STYLE_ASSIGNMENT (( #408 ) ) ;
#35 = CARTESIAN_POINT ( 'NONE',  ( 0.000000000000000000, 0.000000000000000000, 5.299999999999998934 ) ) ;
#36 = CARTESIAN_POINT ( 'NONE',  ( -4.499999999999998224, 4.000000000000000000, 0.000000000000000000 ) ) ;
#37 = FACE_OUTER_BOUND ( 'NONE', #235, .T. ) ;
#38 = EDGE_LOOP ( 'NONE', ( #47, #1404, #747, #1533 ) ) ;
#39 =( NAMED_UNIT ( * ) SI_UNIT ( $, .STERADIAN. ) SOLID_ANGLE_UNIT ( ) );
#40 = ORIENTED_EDGE ( 'NONE', *, *, #70, .F. ) ;
#41 = UNCERTAINTY_MEASURE_WITH_UNIT (LENGTH_MEASURE( 1.000000000000000082E-05 ), #63, 'distance_accuracy_value', 'NONE');
#42 = EDGE_LOOP ( 'NONE', ( #828, #1519, #198, #1476 ) ) ;
#43 = COLOUR_RGB ( '',1.000000000000000000, 0.000000000000000000, 0.000000000000000000 ) ;
#44 = EDGE_CURVE ( 'NONE', #606, #1108, #984, .T. ) ;
#45 = VERTEX_POINT ( 'NONE', #953 ) ;
#46 = VECTOR ( 'NONE', #1613, 1000.000000000000000 ) ;
#47 = ORIENTED_EDGE ( 'NONE', *, *, #1584, .F. ) ;
#48 = CARTESIAN_POINT ( 'NONE',  ( 7.750000000000000000, 1.999999999999998668, 2.899999999999999911 ) ) ;
#49 = ORIENTED_EDGE ( 'NONE', *, *, #743, .T. ) ;
#50 = EDGE_CURVE ( 'NONE', #2199, #1467, #1667, .T. ) ;
#51 = FACE_OUTER_BOUND ( 'NONE', #2253, .T. ) ;
#52 = CARTESIAN_POINT ( 'NONE',  ( 12.25000000000000000, -1.000000000000002220, 2.899999999999999911 ) ) ;
#53 = VERTEX_POINT ( 'NONE', #21 ) ;
#54 = CIRCLE ( 'NONE', #552, 0.5000000000000000000 ) ;
#55 =( NAMED_UNIT ( * ) PLANE_ANGLE_UNIT ( ) SI_UNIT ( $, .RADIAN. ) );
#56 = EDGE_CURVE ( 'NONE', #45, #221, #1305, .T. ) ;
#57 = DIRECTION ( 'NONE',  ( 1.000000000000000000, 1.445602896647339410E-16, -0.000000000000000000 ) ) ;
#58 = ORIENTED_EDGE ( 'NONE', *, *, #2337, .F. ) ;
#59 = DIRECTION ( 'NONE',  ( 0.000000000000000000, 0.000000000000000000, -1.000000000000000000 ) ) ;
#60 =( LENGTH_UNIT ( ) NAMED_UNIT ( * ) SI_UNIT ( .MILLI., .METRE. ) );
#61 =( GEOMETRIC_REPRESENTATION_CONTEXT ( 3 ) GLOBAL_UNCERTAINTY_ASSIGNED_CONTEXT ( ( #449 ) ) GLOBAL_UNIT_ASSIGNED_CONTEXT ( ( #1547, #1333, #1914 ) ) REPRESENTATION_CONTEXT ( 'NONE', 'WORKASPACE' ) );
#62 = CIRCLE ( 'NONE', #564, 2.200000000000000178 ) ;
#63 =( LENGTH_UNIT ( ) NAMED_UNIT ( * ) SI_UNIT ( .MILLI., .METRE. ) );
#64 =( NAMED_UNIT ( * ) SI_UNIT ( $, .STERADIAN. ) SOLID_ANGLE_UNIT ( ) );
#65 = EDGE_LOOP ( 'NONE', ( #1165, #1011, #2284, #535 ) ) ;
#66 = PRESENTATION_STYLE_ASSIGNMENT (( #1151 ) ) ;
#67 =( NAMED_UNIT ( * ) PLANE_ANGLE_UNIT ( ) SI_UNIT ( $, .RADIAN. ) );
#68 = ORIENTED_EDGE ( 'NONE', *, *, #1958, .T. ) ;
#69 = ORIENTED_EDGE ( 'NONE', *, *, #1882, .T. ) ;
#70 = EDGE_CURVE ( 'NONE', #53, #1711, #1542, .T. ) ;
#71 = PRESENTATION_STYLE_ASSIGNMENT (( #593 ) ) ;
#72 = DIRECTION ( 'NONE',  ( -1.000000000000000000, 0.000000000000000000, -0.000000000000000000 ) ) ;
#73 = DIRECTION ( 'NONE',  ( 0.000000000000000000, 0.000000000000000000, -1.000000000000000000 ) ) ;
#74 = FACE_OUTER_BOUND ( 'NONE', #93, .T. ) ;
#75 = DIRECTION ( 'NONE',  ( -1.000000000000000000, 0.000000000000000000, -0.000000000000000000 ) ) ;
#76 = ADVANCED_FACE ( 'NONE', ( #789 ), #2034, .T. ) ;
#77 =( LENGTH_UNIT ( ) NAMED_UNIT ( * ) SI_UNIT ( .MILLI., .METRE. ) );
#78 = SURFACE_STYLE_FILL_AREA ( #636 ) ;
#79 = EDGE_CURVE ( 'NONE', #627, #1049, #857, .T. ) ;
#80 =( NAMED_UNIT ( * ) SI_UNIT ( $, .STERADIAN. ) SOLID_ANGLE_UNIT ( ) );
#81 = UNCERTAINTY_MEASURE_WITH_UNIT (LENGTH_MEASURE( 1.000000000000000082E-05 ), #1026, 'distance_accuracy_value', 'NONE');
#82 = EDGE_LOOP ( 'NONE', ( #1339, #709, #999, #878 ) ) ;
#83 = CARTESIAN_POINT ( 'NONE',  ( -12.25000000000000000, 0.9999999999999993339, 2.899999999999999911 ) ) ;
#84 = DIRECTION ( 'NONE',  ( 0.7713892158397641641, 0.6363636363637645843, 0.000000000000000000 ) ) ;
#85 = SHAPE_DEFINITION_REPRESENTATION ( #370, #1367 ) ;
#86 = FILL_AREA_STYLE ('',( #800 ) ) ;
#87 = FILL_AREA_STYLE ('',( #2326 ) ) ;
#88 = DIRECTION ( 'NONE',  ( 0.000000000000000000, 0.000000000000000000, -1.000000000000000000 ) ) ;
#89 = DIRECTION ( 'NONE',  ( -1.000000000000000000, 1.224646799147353454E-16, 0.000000000000000000 ) ) ;
#90 = CIRCLE ( 'NONE', #326, 0.4999999999999995559 ) ;
#91 = VERTEX_POINT ( 'NONE', #1920 ) ;
#92 = FILL_AREA_STYLE ('',( #2293 ) ) ;
#93 = EDGE_LOOP ( 'NONE', ( #123, #971, #1066 ) ) ;
#94 = SURFACE_STYLE_USAGE ( .BOTH. , #292 ) ;
#95 = VECTOR ( 'NONE', #1738, 1000.000000000000000 ) ;
#96 =( NAMED_UNIT ( * ) PLANE_ANGLE_UNIT ( ) SI_UNIT ( $, .RADIAN. ) );
#97 = DIRECTION ( 'NONE',  ( -0.6363636363637646953, 0.7713892158397641641, 0.000000000000000000 ) ) ;
#98 = AXIS2_PLACEMENT_3D ( 'NONE', #1328, #227, #947 ) ;
#99 = ADVANCED_FACE ( 'NONE', ( #1210 ), #1179, .T. ) ;
#100 = VECTOR ( 'NONE', #1350, 1000.000000000000000 ) ;
#101 = FILL_AREA_STYLE_COLOUR ( '', #2058 ) ;
#102 = CIRCLE ( 'NONE', #2064, 0.5000000000000004441 ) ;
#103 = COLOUR_RGB ( '',0.6470588235294117974, 0.6196078431372549211, 0.5882352941176470784 ) ;
#104 = SURFACE_SIDE_STYLE ('',( #1240 ) ) ;
#105 = VECTOR ( 'NONE', #88, 1000.000000000000000 ) ;
#106 = UNCERTAINTY_MEASURE_WITH_UNIT (LENGTH_MEASURE( 1.000000000000000082E-05 ), #1650, 'distance_accuracy_value', 'NONE');
#107 = AXIS2_PLACEMENT_3D ( 'NONE', #1321, #618, #1013 ) ;
#108 = ADVANCED_FACE ( 'NONE', ( #295 ), #284, .T. ) ;
#109 = COLOUR_RGB ( '',0.7921568627450980005, 0.8196078431372548767, 0.9333333333333333481 ) ;
#110 = DIRECTION ( 'NONE',  ( -0.000000000000000000, -0.000000000000000000, 1.000000000000000000 ) ) ;
#111 =( NAMED_UNIT ( * ) SI_UNIT ( $, .STERADIAN. ) SOLID_ANGLE_UNIT ( ) );
#112 = DIRECTION ( 'NONE',  ( 0.000000000000000000, 0.000000000000000000, -1.000000000000000000 ) ) ;
#113 = CARTESIAN_POINT ( 'NONE',  ( -4.270504732119756675, -3.499999999999936051, 3.500000000000000000 ) ) ;
#114 = SURFACE_STYLE_USAGE ( .BOTH. , #1408 ) ;
#115 = ORIENTED_EDGE ( 'NONE', *, *, #2138, .F. ) ;
#116 = EDGE_CURVE ( 'NONE', #1744, #16, #2128, .T. ) ;
#117 =( GEOMETRIC_REPRESENTATION_CONTEXT ( 3 ) GLOBAL_UNCERTAINTY_ASSIGNED_CONTEXT ( ( #1386 ) ) GLOBAL_UNIT_ASSIGNED_CONTEXT ( ( #698, #1813, #1624 ) ) REPRESENTATION_CONTEXT ( 'NONE', 'WORKASPACE' ) );
#118 = DIRECTION ( 'NONE',  ( 0.000000000000000000, 0.000000000000000000, -1.000000000000000000 ) ) ;
#119 =( NAMED_UNIT ( * ) PLANE_ANGLE_UNIT ( ) SI_UNIT ( $, .RADIAN. ) );
#120 = DIRECTION ( 'NONE',  ( -0.000000000000000000, -0.000000000000000000, -1.000000000000000000 ) ) ;
#121 = AXIS2_PLACEMENT_3D ( 'NONE', #667, #846, #534 ) ;
#122 = EDGE_CURVE ( 'NONE', #776, #721, #1749, .T. ) ;
#123 = ORIENTED_EDGE ( 'NONE', *, *, #410, .T. ) ;
#124 = CARTESIAN_POINT ( 'NONE',  ( 7.749999999999999112, -2.000000000000003997, 3.100000000000000089 ) ) ;
#125 = SURFACE_STYLE_USAGE ( .BOTH. , #1777 ) ;
#126 = FACE_OUTER_BOUND ( 'NONE', #42, .T. ) ;
#127 = DIRECTION ( 'NONE',  ( -1.000000000000000000, 1.445602896647339410E-16, 0.000000000000000000 ) ) ;
#128 = COLOUR_RGB ( '',1.000000000000000000, 0.000000000000000000, 0.000000000000000000 ) ;
#129 = VERTEX_POINT ( 'NONE', #2102 ) ;
#130 = MECHANICAL_DESIGN_GEOMETRIC_PRESENTATION_REPRESENTATION (  '', ( #993 ), #2104 ) ;
#131 = FACE_OUTER_BOUND ( 'NONE', #610, .T. ) ;
#132 = STYLED_ITEM ( 'NONE', ( #1185 ), #2198 ) ;
#133 = AXIS2_PLACEMENT_3D ( 'NONE', #2385, #347, #902 ) ;
#134 = STYLED_ITEM ( 'NONE', ( #1666 ), #309 ) ;
#135 = VECTOR ( 'NONE', #461, 1000.000000000000000 ) ;
#136 = MECHANICAL_DESIGN_GEOMETRIC_PRESENTATION_REPRESENTATION (  '', ( #1911 ), #872 ) ;
#137 = ORIENTED_EDGE ( 'NONE', *, *, #2348, .T. ) ;
#138 = LINE ( 'NONE', #492, #831 ) ;
#139 = EDGE_CURVE ( 'NONE', #939, #613, #1594, .T. ) ;
#140 = MECHANICAL_DESIGN_GEOMETRIC_PRESENTATION_REPRESENTATION (  '', ( #1452 ), #766 ) ;
#141 = DIRECTION ( 'NONE',  ( 0.000000000000000000, 0.000000000000000000, -1.000000000000000000 ) ) ;
#142 = FACE_OUTER_BOUND ( 'NONE', #785, .T. ) ;
#143 = VERTEX_POINT ( 'NONE', #821 ) ;
#144 = FILL_AREA_STYLE_COLOUR ( '', #304 ) ;
#145 = CARTESIAN_POINT ( 'NONE',  ( -4.270504732119704272, 4.000000000000000000, 0.000000000000000000 ) ) ;
#146 = EDGE_CURVE ( 'NONE', #16, #1108, #550, .T. ) ;
#147 = FILL_AREA_STYLE_COLOUR ( '', #2170 ) ;
#148 = DIRECTION ( 'NONE',  ( 0.000000000000000000, 0.000000000000000000, -1.000000000000000000 ) ) ;
#149 = EDGE_CURVE ( 'NONE', #161, #1744, #2091, .T. ) ;
#150 = PRESENTATION_STYLE_ASSIGNMENT (( #1794 ) ) ;
#151 = DIRECTION ( 'NONE',  ( -1.000000000000000000, 0.000000000000000000, 0.000000000000000000 ) ) ;
#152 = ORIENTED_EDGE ( 'NONE', *, *, #680, .T. ) ;
#153 = FILL_AREA_STYLE_COLOUR ( '', #465 ) ;
#154 = ORIENTED_EDGE ( 'NONE', *, *, #1605, .T. ) ;
#155 = CARTESIAN_POINT ( 'NONE',  ( 7.750000000000000000, 1.999999999999998668, 3.100000000000000089 ) ) ;
#156 = CARTESIAN_POINT ( 'NONE',  ( -0.02786404500041902987, -3.500000000000000000, 3.500000000000000000 ) ) ;
#157 = VECTOR ( 'NONE', #2327, 1000.000000000000000 ) ;
#158 = DIRECTION ( 'NONE',  ( 0.000000000000000000, 0.000000000000000000, -1.000000000000000000 ) ) ;
#159 = COLOUR_RGB ( '',1.000000000000000000, 0.000000000000000000, 0.000000000000000000 ) ;
#160 = DIRECTION ( 'NONE',  ( 0.000000000000000000, 0.000000000000000000, 1.000000000000000000 ) ) ;
#161 = VERTEX_POINT ( 'NONE', #1779 ) ;
#162 = PRESENTATION_STYLE_ASSIGNMENT (( #1619 ) ) ;
#163 = VERTEX_POINT ( 'NONE', #1268 ) ;
#164 = SURFACE_SIDE_STYLE ('',( #733 ) ) ;
#165 = FACE_BOUND ( 'NONE', #289, .T. ) ;
#166 = EDGE_CURVE ( 'NONE', #721, #1835, #1230, .T. ) ;
#167 =( NAMED_UNIT ( * ) SI_UNIT ( $, .STERADIAN. ) SOLID_ANGLE_UNIT ( ) );
#168 = CYLINDRICAL_SURFACE ( 'NONE', #1144, 1.000000000000002665 ) ;
#169 = SURFACE_STYLE_USAGE ( .BOTH. , #882 ) ;
#170 = COLOUR_RGB ( '',0.2509803921568627416, 0.2509803921568627416, 0.2509803921568627416 ) ;
#171 = VECTOR ( 'NONE', #435, 1000.000000000000000 ) ;
#172 = PLANE ( 'NONE',  #98 ) ;
#173 = PRESENTATION_LAYER_ASSIGNMENT (  '', '', ( #1947 ) ) ;
#174 = EDGE_CURVE ( 'NONE', #613, #627, #1894, .T. ) ;
#175 = PLANE ( 'NONE',  #1073 ) ;
#176 = EDGE_LOOP ( 'NONE', ( #262, #2038, #501, #27 ) ) ;
#177 = CARTESIAN_POINT ( 'NONE',  ( -7.750000000000000888, 0.9999999999999986677, 2.899999999999999911 ) ) ;
#178 = ORIENTED_EDGE ( 'NONE', *, *, #583, .F. ) ;
#179 = EDGE_CURVE ( 'NONE', #830, #1465, #2147, .T. ) ;
#180 = DIRECTION ( 'NONE',  ( 1.000000000000000000, 0.000000000000000000, 0.000000000000000000 ) ) ;
#181 = CARTESIAN_POINT ( 'NONE',  ( 7.249999999999999112, -2.000000000000003553, 3.100000000000000089 ) ) ;
#182 = CARTESIAN_POINT ( 'NONE',  ( -5.684718294492801860, -1.999999999999992228, 4.000000000000000000 ) ) ;
#183 = CARTESIAN_POINT ( 'NONE',  ( 12.25000000000000000, -1.224646799147346551E-16, 3.100000000000000089 ) ) ;
#184 = CIRCLE ( 'NONE', #2032, 5.999999999999999112 ) ;
#185 =( NAMED_UNIT ( * ) PLANE_ANGLE_UNIT ( ) SI_UNIT ( $, .RADIAN. ) );
#186 = ORIENTED_EDGE ( 'NONE', *, *, #1932, .T. ) ;
#187 = FACE_OUTER_BOUND ( 'NONE', #619, .T. ) ;
#188 = DIRECTION ( 'NONE',  ( -0.000000000000000000, -0.000000000000000000, -1.000000000000000000 ) ) ;
#189 = ORIENTED_EDGE ( 'NONE', *, *, #923, .T. ) ;
#190 = PLANE ( 'NONE',  #951 ) ;
#191 = DIRECTION ( 'NONE',  ( 0.000000000000000000, 0.000000000000000000, -1.000000000000000000 ) ) ;
#192 = ORIENTED_EDGE ( 'NONE', *, *, #56, .F. ) ;
#193 =( NAMED_UNIT ( * ) PLANE_ANGLE_UNIT ( ) SI_UNIT ( $, .RADIAN. ) );
#194 = DIRECTION ( 'NONE',  ( -0.000000000000000000, -0.000000000000000000, -1.000000000000000000 ) ) ;
#195 = CARTESIAN_POINT ( 'NONE',  ( -7.750000000000000888, -1.499999999999990896, 3.100000000000000089 ) ) ;
#196 = ORIENTED_EDGE ( 'NONE', *, *, #1107, .T. ) ;
#197 = SURFACE_STYLE_USAGE ( .BOTH. , #1845 ) ;
#198 = ORIENTED_EDGE ( 'NONE', *, *, #1385, .F. ) ;
#199 = SURFACE_STYLE_USAGE ( .BOTH. , #1318 ) ;
#200 = DIRECTION ( 'NONE',  ( 0.000000000000000000, 0.000000000000000000, 1.000000000000000000 ) ) ;
#201 = EDGE_LOOP ( 'NONE', ( #1414, #1395, #995, #628 ) ) ;
#202 = UNCERTAINTY_MEASURE_WITH_UNIT (LENGTH_MEASURE( 1.000000000000000082E-05 ), #2183, 'distance_accuracy_value', 'NONE');
#203 = SURFACE_STYLE_USAGE ( .BOTH. , #2009 ) ;
#204 = CARTESIAN_POINT ( 'NONE',  ( 0.02786404500041989724, 0.000000000000000000, 4.000000000000000000 ) ) ;
#205 = DIRECTION ( 'NONE',  ( 1.000000000000000000, 0.000000000000000000, 0.000000000000000000 ) ) ;
#206 = COLOUR_RGB ( '',0.6470588235294117974, 0.6196078431372549211, 0.5882352941176470784 ) ;
#207 = UNCERTAINTY_MEASURE_WITH_UNIT (LENGTH_MEASURE( 1.000000000000000082E-05 ), #942, 'distance_accuracy_value', 'NONE');
#208 = STYLED_ITEM ( 'NONE', ( #647 ), #829 ) ;
#209 = LINE ( 'NONE', #1546, #1437 ) ;
#210 = AXIS2_PLACEMENT_3D ( 'NONE', #799, #2276, #72 ) ;
#211 = ORIENTED_EDGE ( 'NONE', *, *, #1319, .T. ) ;
#212 = STYLED_ITEM ( 'NONE', ( #327 ), #1425 ) ;
#213 = PRESENTATION_LAYER_ASSIGNMENT (  '', '', ( #1485 ) ) ;
#214 = ORIENTED_EDGE ( 'NONE', *, *, #2375, .T. ) ;
#215 = DIRECTION ( 'NONE',  ( 0.000000000000000000, 0.000000000000000000, -1.000000000000000000 ) ) ;
#216 = MECHANICAL_DESIGN_GEOMETRIC_PRESENTATION_REPRESENTATION (  '', ( #340 ), #61 ) ;
#217 = CIRCLE ( 'NONE', #1379, 0.5000000000000004441 ) ;
#218 = CARTESIAN_POINT ( 'NONE',  ( -4.270504732119704272, -3.500000000000000000, 3.500000000000000000 ) ) ;
#219 = VERTEX_POINT ( 'NONE', #2159 ) ;
#220 = PRESENTATION_LAYER_ASSIGNMENT (  '', '', ( #763 ) ) ;
#221 = VERTEX_POINT ( 'NONE', #720 ) ;
#222 = CYLINDRICAL_SURFACE ( 'NONE', #1931, 2.200000000000000178 ) ;
#223 = DIRECTION ( 'NONE',  ( 0.000000000000000000, -1.000000000000000000, 0.000000000000000000 ) ) ;
#224 = LINE ( 'NONE', #778, #1773 ) ;
#225 = AXIS2_PLACEMENT_3D ( 'NONE', #2118, #1926, #1937 ) ;
#226 = EDGE_CURVE ( 'NONE', #45, #627, #858, .T. ) ;
#227 = DIRECTION ( 'NONE',  ( -1.445602896647339410E-16, 1.000000000000000000, 0.000000000000000000 ) ) ;
#228 = VERTEX_POINT ( 'NONE', #177 ) ;
#229 = EDGE_CURVE ( 'NONE', #541, #1569, #1962, .T. ) ;
#230 = FILL_AREA_STYLE_COLOUR ( '', #1978 ) ;
#231 = CARTESIAN_POINT ( 'NONE',  ( -7.750000000000000000, 1.999999999999998668, 3.100000000000000089 ) ) ;
#232 = VERTEX_POINT ( 'NONE', #2004 ) ;
#233 = FACE_OUTER_BOUND ( 'NONE', #2002, .T. ) ;
#234 = SURFACE_STYLE_FILL_AREA ( #86 ) ;
#235 = EDGE_LOOP ( 'NONE', ( #1649, #982, #630, #2187 ) ) ;
#236 = EDGE_LOOP ( 'NONE', ( #397, #816, #719, #851 ) ) ;
#237 = ADVANCED_FACE ( 'NONE', ( #513 ), #675, .T. ) ;
#238 =( NAMED_UNIT ( * ) PLANE_ANGLE_UNIT ( ) SI_UNIT ( $, .RADIAN. ) );
#239 = SURFACE_STYLE_USAGE ( .BOTH. , #1707 ) ;
#240 = ORIENTED_EDGE ( 'NONE', *, *, #2346, .F. ) ;
#241 = CARTESIAN_POINT ( 'NONE',  ( -2.850000000000000089, 3.796405077356794918E-16, 5.799999999999999822 ) ) ;
#242 = ORIENTED_EDGE ( 'NONE', *, *, #916, .F. ) ;
#243 = VERTEX_POINT ( 'NONE', #1097 ) ;
#244 = AXIS2_PLACEMENT_3D ( 'NONE', #369, #1827, #1782 ) ;
#245 = AXIS2_PLACEMENT_3D ( 'NONE', #868, #880, #1421 ) ;
#246 = VERTEX_POINT ( 'NONE', #695 ) ;
#247 = SURFACE_SIDE_STYLE ('',( #1887 ) ) ;
#248 = ORIENTED_EDGE ( 'NONE', *, *, #1633, .T. ) ;
#249 = PRESENTATION_LAYER_ASSIGNMENT (  '', '', ( #1776 ) ) ;
#250 = DIRECTION ( 'NONE',  ( 1.000000000000000000, 0.000000000000000000, 0.000000000000000000 ) ) ;
#251 = SURFACE_SIDE_STYLE ('',( #1562 ) ) ;
#252 = SURFACE_STYLE_FILL_AREA ( #2281 ) ;
#253 = COLOUR_RGB ( '',1.000000000000000000, 0.000000000000000000, 0.000000000000000000 ) ;
#254 = EDGE_CURVE ( 'NONE', #1953, #1897, #2322, .T. ) ;
#255 = CARTESIAN_POINT ( 'NONE',  ( -0.02786404500041902987, 0.000000000000000000, 0.000000000000000000 ) ) ;
#256 = FILL_AREA_STYLE_COLOUR ( '', #834 ) ;
#257 = ORIENTED_EDGE ( 'NONE', *, *, #2029, .F. ) ;
#258 = ORIENTED_EDGE ( 'NONE', *, *, #402, .T. ) ;
#259 = AXIS2_PLACEMENT_3D ( 'NONE', #2164, #360, #1976 ) ;
#260 =( NAMED_UNIT ( * ) SI_UNIT ( $, .STERADIAN. ) SOLID_ANGLE_UNIT ( ) );
#261 = EDGE_CURVE ( 'NONE', #246, #635, #2018, .T. ) ;
#262 = ORIENTED_EDGE ( 'NONE', *, *, #1882, .F. ) ;
#263 = FILL_AREA_STYLE ('',( #1903 ) ) ;
#264 = PRESENTATION_LAYER_ASSIGNMENT (  '', '', ( #15 ) ) ;
#265 = AXIS2_PLACEMENT_3D ( 'NONE', #1771, #585, #1853 ) ;
#266 =( LENGTH_UNIT ( ) NAMED_UNIT ( * ) SI_UNIT ( .MILLI., .METRE. ) );
#267 = VECTOR ( 'NONE', #1133, 1000.000000000000000 ) ;
#268 = SURFACE_STYLE_FILL_AREA ( #1005 ) ;
#269 = COLOUR_RGB ( '',0.6470588235294117974, 0.6196078431372549211, 0.5882352941176470784 ) ;
#270 =( NAMED_UNIT ( * ) PLANE_ANGLE_UNIT ( ) SI_UNIT ( $, .RADIAN. ) );
#271 =( NAMED_UNIT ( * ) SI_UNIT ( $, .STERADIAN. ) SOLID_ANGLE_UNIT ( ) );
#272 = ORIENTED_EDGE ( 'NONE', *, *, #179, .T. ) ;
#273 = CARTESIAN_POINT ( 'NONE',  ( 0.000000000000000000, 0.000000000000000000, 8.000000000000000000 ) ) ;
#274 = CARTESIAN_POINT ( 'NONE',  ( 4.270504732119757563, 3.499999999999936051, 3.500000000000000000 ) ) ;
#275 = FACE_OUTER_BOUND ( 'NONE', #2212, .T. ) ;
#276 = DIRECTION ( 'NONE',  ( -0.000000000000000000, 0.000000000000000000, -1.000000000000000000 ) ) ;
#277 = UNCERTAINTY_MEASURE_WITH_UNIT (LENGTH_MEASURE( 1.000000000000000082E-05 ), #1564, 'distance_accuracy_value', 'NONE');
#278 = AXIS2_PLACEMENT_3D ( 'NONE', #1287, #387, #205 ) ;
#279 = ORIENTED_EDGE ( 'NONE', *, *, #1385, .T. ) ;
#280 = FACE_OUTER_BOUND ( 'NONE', #1158, .T. ) ;
#281 = MECHANICAL_DESIGN_GEOMETRIC_PRESENTATION_REPRESENTATION (  '', ( #1207 ), #975 ) ;
#282 =( LENGTH_UNIT ( ) NAMED_UNIT ( * ) SI_UNIT ( .MILLI., .METRE. ) );
#283 = PRESENTATION_STYLE_ASSIGNMENT (( #1418 ) ) ;
#284 = PLANE ( 'NONE',  #12 ) ;
#285 = CARTESIAN_POINT ( 'NONE',  ( 7.250000000000000000, -1.500000000000003553, 2.899999999999999911 ) ) ;
#286 = DIRECTION ( 'NONE',  ( -0.000000000000000000, -0.000000000000000000, -1.000000000000000000 ) ) ;
#287 = DIRECTION ( 'NONE',  ( -1.000000000000000000, 0.000000000000000000, 0.000000000000000000 ) ) ;
#288 =( NAMED_UNIT ( * ) SI_UNIT ( $, .STERADIAN. ) SOLID_ANGLE_UNIT ( ) );
#289 = EDGE_LOOP ( 'NONE', ( #1315, #40 ) ) ;
#290 = CARTESIAN_POINT ( 'NONE',  ( 7.749999999999999112, -2.000000000000003997, 3.100000000000000089 ) ) ;
#291 = ORIENTED_EDGE ( 'NONE', *, *, #442, .T. ) ;
#292 = SURFACE_SIDE_STYLE ('',( #1024 ) ) ;
#293 =( NAMED_UNIT ( * ) SI_UNIT ( $, .STERADIAN. ) SOLID_ANGLE_UNIT ( ) );
#294 = DIRECTION ( 'NONE',  ( -1.000000000000000000, 0.000000000000000000, 0.000000000000000000 ) ) ;
#295 = FACE_OUTER_BOUND ( 'NONE', #1548, .T. ) ;
#296 = PRESENTATION_LAYER_ASSIGNMENT (  '', '', ( #132 ) ) ;
#297 = AXIS2_PLACEMENT_3D ( 'NONE', #1847, #20, #440 ) ;
#298 = SURFACE_STYLE_FILL_AREA ( #2148 ) ;
#299 = AXIS2_PLACEMENT_3D ( 'NONE', #937, #2262, #2246 ) ;
#300 = PRESENTATION_STYLE_ASSIGNMENT (( #838 ) ) ;
#301 = PRESENTATION_STYLE_ASSIGNMENT (( #498 ) ) ;
#303 = EDGE_CURVE ( 'NONE', #541, #1086, #870, .T. ) ;
#302 = AXIS2_PLACEMENT_3D ( 'NONE', #1159, #59, #1687 ) ;
#304 = COLOUR_RGB ( '',0.6470588235294117974, 0.6196078431372549211, 0.5882352941176470784 ) ;
#305 = UNCERTAINTY_MEASURE_WITH_UNIT (LENGTH_MEASURE( 1.000000000000000082E-05 ), #1716, 'distance_accuracy_value', 'NONE');
#306 = AXIS2_PLACEMENT_3D ( 'NONE', #666, #141, #673 ) ;
#307 = ORIENTED_EDGE ( 'NONE', *, *, #1082, .F. ) ;
#308 = AXIS2_PLACEMENT_3D ( 'NONE', #657, #633, #2090 ) ;
#309 = ADVANCED_FACE ( 'NONE', ( #142 ), #339, .T. ) ;
#310 = FILL_AREA_STYLE_COLOUR ( '', #109 ) ;
#311 = FILL_AREA_STYLE_COLOUR ( '', #1105 ) ;
#312 = ORIENTED_EDGE ( 'NONE', *, *, #361, .F. ) ;
#313 = PRESENTATION_LAYER_ASSIGNMENT (  '', '', ( #696 ) ) ;
#314 = DIRECTION ( 'NONE',  ( -0.000000000000000000, -0.000000000000000000, 1.000000000000000000 ) ) ;
#315 = ORIENTED_EDGE ( 'NONE', *, *, #1778, .T. ) ;
#316 = SURFACE_SIDE_STYLE ('',( #483 ) ) ;
#317 =( NAMED_UNIT ( * ) SI_UNIT ( $, .STERADIAN. ) SOLID_ANGLE_UNIT ( ) );
#318 = DIRECTION ( 'NONE',  ( -1.000000000000000000, 0.000000000000000000, 0.000000000000000000 ) ) ;
#319 =( GEOMETRIC_REPRESENTATION_CONTEXT ( 3 ) GLOBAL_UNCERTAINTY_ASSIGNED_CONTEXT ( ( #478 ) ) GLOBAL_UNIT_ASSIGNED_CONTEXT ( ( #400, #2236, #1854 ) ) REPRESENTATION_CONTEXT ( 'NONE', 'WORKASPACE' ) );
#320 = DIRECTION ( 'NONE',  ( 8.673617379884035472E-16, -1.000000000000000000, 0.000000000000000000 ) ) ;
#321 = DIRECTION ( 'NONE',  ( 0.000000000000000000, 0.000000000000000000, 1.000000000000000000 ) ) ;
#322 = EDGE_CURVE ( 'NONE', #2264, #1743, #700, .T. ) ;
#323 = VECTOR ( 'NONE', #731, 1000.000000000000000 ) ;
#324 = ORIENTED_EDGE ( 'NONE', *, *, #303, .T. ) ;
#325 =( NAMED_UNIT ( * ) PLANE_ANGLE_UNIT ( ) SI_UNIT ( $, .RADIAN. ) );
#326 = AXIS2_PLACEMENT_3D ( 'NONE', #1763, #1917, #1229 ) ;
#327 = PRESENTATION_STYLE_ASSIGNMENT (( #727 ) ) ;
#328 = EDGE_CURVE ( 'NONE', #1338, #740, #1655, .T. ) ;
#329 = ORIENTED_EDGE ( 'NONE', *, *, #1226, .T. ) ;
#330 = FILL_AREA_STYLE ('',( #1087 ) ) ;
#331 = ORIENTED_EDGE ( 'NONE', *, *, #664, .T. ) ;
#332 = MECHANICAL_DESIGN_GEOMETRIC_PRESENTATION_REPRESENTATION (  '', ( #1977 ), #1136 ) ;
#333 = DIRECTION ( 'NONE',  ( 8.673617379884035472E-16, -1.000000000000000000, 0.000000000000000000 ) ) ;
#334 = VECTOR ( 'NONE', #346, 1000.000000000000000 ) ;
#335 =( GEOMETRIC_REPRESENTATION_CONTEXT ( 3 ) GLOBAL_UNCERTAINTY_ASSIGNED_CONTEXT ( ( #576 ) ) GLOBAL_UNIT_ASSIGNED_CONTEXT ( ( #1593, #1201, #480 ) ) REPRESENTATION_CONTEXT ( 'NONE', 'WORKASPACE' ) );
#336 = COLOUR_RGB ( '',0.2509803921568627416, 0.2509803921568627416, 0.2509803921568627416 ) ;
#337 = CIRCLE ( 'NONE', #2364, 0.4999999999999995559 ) ;
#338 = PRESENTATION_LAYER_ASSIGNMENT (  '', '', ( #1758 ) ) ;
#339 = TOROIDAL_SURFACE ( 'NONE', #2333, 5.500000000000000000, 0.5000000000000000000 ) ;
#340 = STYLED_ITEM ( 'NONE', ( #71 ), #2035 ) ;
#341 = AXIS2_PLACEMENT_3D ( 'NONE', #354, #2178, #536 ) ;
#342 = VECTOR ( 'NONE', #2066, 1000.000000000000000 ) ;
#343 = SURFACE_STYLE_USAGE ( .BOTH. , #1645 ) ;
#344 = CARTESIAN_POINT ( 'NONE',  ( -0.02786404500041902987, 0.000000000000000000, 4.000000000000000000 ) ) ;
#345 = VERTEX_POINT ( 'NONE', #1304 ) ;
#346 = DIRECTION ( 'NONE',  ( -0.000000000000000000, -0.000000000000000000, 1.000000000000000000 ) ) ;
#347 = DIRECTION ( 'NONE',  ( -1.000000000000000000, -0.000000000000000000, 2.602085213965210642E-13 ) ) ;
#348 = CARTESIAN_POINT ( 'NONE',  ( -7.750000000000000888, -2.000000000000000444, 3.100000000000000089 ) ) ;
#349 =( NAMED_UNIT ( * ) PLANE_ANGLE_UNIT ( ) SI_UNIT ( $, .RADIAN. ) );
#350 = EDGE_CURVE ( 'NONE', #887, #2087, #581, .T. ) ;
#351 = ORIENTED_EDGE ( 'NONE', *, *, #1166, .T. ) ;
#352 = DIRECTION ( 'NONE',  ( -0.000000000000000000, -0.000000000000000000, -1.000000000000000000 ) ) ;
#353 = EDGE_LOOP ( 'NONE', ( #1349, #518 ) ) ;
#354 = CARTESIAN_POINT ( 'NONE',  ( -4.270504732119833946, 3.500000000000000000, 3.500000000000000000 ) ) ;
#355 = DIRECTION ( 'NONE',  ( -1.000000000000000000, 0.000000000000000000, 0.000000000000000000 ) ) ;
#356 = STYLED_ITEM ( 'NONE', ( #1793 ), #893 ) ;
#357 = MECHANICAL_DESIGN_GEOMETRIC_PRESENTATION_REPRESENTATION (  '', ( #1206 ), #1509 ) ;
#358 = DIRECTION ( 'NONE',  ( -1.000000000000000000, -2.602085213965213008E-15, 0.000000000000000000 ) ) ;
#359 =( NAMED_UNIT ( * ) SI_UNIT ( $, .STERADIAN. ) SOLID_ANGLE_UNIT ( ) );
#360 = DIRECTION ( 'NONE',  ( 0.000000000000000000, 0.000000000000000000, -1.000000000000000000 ) ) ;
#361 = EDGE_CURVE ( 'NONE', #1049, #1078, #1288, .T. ) ;
#362 = VECTOR ( 'NONE', #1351, 1000.000000000000000 ) ;
#363 = CARTESIAN_POINT ( 'NONE',  ( -4.270504732119756675, 3.499999999999936051, 4.000000000000000000 ) ) ;
#364 = ORIENTED_EDGE ( 'NONE', *, *, #261, .F. ) ;
#365 = ORIENTED_EDGE ( 'NONE', *, *, #578, .T. ) ;
#366 = CARTESIAN_POINT ( 'NONE',  ( 7.249999999999999112, 1.499999999999998224, 3.100000000000000089 ) ) ;
#367 = CARTESIAN_POINT ( 'NONE',  ( 0.02786404500041989724, 0.000000000000000000, 4.000000000000000000 ) ) ;
#368 = DIRECTION ( 'NONE',  ( -1.000000000000000000, 8.673617379884035472E-16, 0.000000000000000000 ) ) ;
#369 = CARTESIAN_POINT ( 'NONE',  ( 0.000000000000000000, 0.000000000000000000, 7.500000000000000000 ) ) ;
#370 = PRODUCT_DEFINITION_SHAPE ( 'NONE', 'NONE',  #985 ) ;
#371 =( LENGTH_UNIT ( ) NAMED_UNIT ( * ) SI_UNIT ( .MILLI., .METRE. ) );
#372 = PRESENTATION_LAYER_ASSIGNMENT (  '', '', ( #2166 ) ) ;
#373 = COLOUR_RGB ( '',0.6470588235294117974, 0.6196078431372549211, 0.5882352941176470784 ) ;
#374 = PRESENTATION_LAYER_ASSIGNMENT (  '', '', ( #134 ) ) ;
#375 = CIRCLE ( 'NONE', #1254, 3.350000000000000089 ) ;
#376 = MECHANICAL_DESIGN_GEOMETRIC_PRESENTATION_REPRESENTATION (  '', ( #949 ), #836 ) ;
#377 = COLOUR_RGB ( '',0.6470588235294117974, 0.6196078431372549211, 0.5882352941176470784 ) ;
#378 = DIRECTION ( 'NONE',  ( 1.000000000000000000, 0.000000000000000000, 0.000000000000000000 ) ) ;
#379 = ORIENTED_EDGE ( 'NONE', *, *, #226, .F. ) ;
#380 = LINE ( 'NONE', #1110, #1724 ) ;
#381 = VERTEX_POINT ( 'NONE', #2255 ) ;
#382 = CARTESIAN_POINT ( 'NONE',  ( -5.684718294492800084, 1.999999999999998668, 3.100000000000000089 ) ) ;
#383 = CARTESIAN_POINT ( 'NONE',  ( -4.499999999999998224, -4.000000000000000000, 4.000000000000000000 ) ) ;
#384 = ORIENTED_EDGE ( 'NONE', *, *, #1708, .T. ) ;
#385 =( NAMED_UNIT ( * ) SI_UNIT ( $, .STERADIAN. ) SOLID_ANGLE_UNIT ( ) );
#386 = DIRECTION ( 'NONE',  ( 0.000000000000000000, 0.000000000000000000, -1.000000000000000000 ) ) ;
#387 = DIRECTION ( 'NONE',  ( 0.000000000000000000, 0.000000000000000000, 1.000000000000000000 ) ) ;
#388 = AXIS2_PLACEMENT_3D ( 'NONE', #1498, #368, #2384 ) ;
#389 = UNCERTAINTY_MEASURE_WITH_UNIT (LENGTH_MEASURE( 1.000000000000000082E-05 ), #1493, 'distance_accuracy_value', 'NONE');
#390 =( NAMED_UNIT ( * ) PLANE_ANGLE_UNIT ( ) SI_UNIT ( $, .RADIAN. ) );
#391 = ORIENTED_EDGE ( 'NONE', *, *, #787, .F. ) ;
#392 = DIRECTION ( 'NONE',  ( 0.000000000000000000, 0.000000000000000000, 1.000000000000000000 ) ) ;
#393 = CARTESIAN_POINT ( 'NONE',  ( -12.25000000000000000, -1.224646799147346551E-16, 3.100000000000000089 ) ) ;
#394 =( NAMED_UNIT ( * ) PLANE_ANGLE_UNIT ( ) SI_UNIT ( $, .RADIAN. ) );
#395 = CARTESIAN_POINT ( 'NONE',  ( 4.270504732119706048, -3.500000000000000444, 3.500000000000000000 ) ) ;
#396 = ORIENTED_EDGE ( 'NONE', *, *, #350, .F. ) ;
#397 = ORIENTED_EDGE ( 'NONE', *, *, #1586, .T. ) ;
#398 = DIRECTION ( 'NONE',  ( 0.000000000000000000, 0.000000000000000000, -1.000000000000000000 ) ) ;
#399 = PRESENTATION_STYLE_ASSIGNMENT (( #927 ) ) ;
#400 =( LENGTH_UNIT ( ) NAMED_UNIT ( * ) SI_UNIT ( .MILLI., .METRE. ) );
#401 =( LENGTH_UNIT ( ) NAMED_UNIT ( * ) SI_UNIT ( .MILLI., .METRE. ) );
#402 = EDGE_CURVE ( 'NONE', #91, #784, #380, .T. ) ;
#403 =( GEOMETRIC_REPRESENTATION_CONTEXT ( 3 ) GLOBAL_UNCERTAINTY_ASSIGNED_CONTEXT ( ( #545 ) ) GLOBAL_UNIT_ASSIGNED_CONTEXT ( ( #1740, #622, #39 ) ) REPRESENTATION_CONTEXT ( 'NONE', 'WORKASPACE' ) );
#404 = LINE ( 'NONE', #757, #2068 ) ;
#405 = ORIENTED_EDGE ( 'NONE', *, *, #2286, .F. ) ;
#406 = FACE_OUTER_BOUND ( 'NONE', #1572, .T. ) ;
#407 = SURFACE_SIDE_STYLE ('',( #1628 ) ) ;
#408 = SURFACE_STYLE_USAGE ( .BOTH. , #614 ) ;
#409 = DIRECTION ( 'NONE',  ( 0.000000000000000000, 0.000000000000000000, 1.000000000000000000 ) ) ;
#410 = EDGE_CURVE ( 'NONE', #533, #381, #758, .T. ) ;
#411 = DIRECTION ( 'NONE',  ( 0.000000000000000000, 1.000000000000000000, 0.000000000000000000 ) ) ;
#412 = ORIENTED_EDGE ( 'NONE', *, *, #850, .F. ) ;
#413 = AXIS2_PLACEMENT_3D ( 'NONE', #2036, #73, #427 ) ;
#414 = EDGE_LOOP ( 'NONE', ( #1848, #1502, #1656, #2232 ) ) ;
#415 = PRESENTATION_STYLE_ASSIGNMENT (( #29 ) ) ;
#416 = CARTESIAN_POINT ( 'NONE',  ( -7.250000000000001776, -1.999999999999990896, 3.100000000000000089 ) ) ;
#417 = CARTESIAN_POINT ( 'NONE',  ( 4.270504732119757563, 3.499999999999936051, 4.000000000000000000 ) ) ;
#418 = ADVANCED_FACE ( 'NONE', ( #2201 ), #2059, .T. ) ;
#419 = UNCERTAINTY_MEASURE_WITH_UNIT (LENGTH_MEASURE( 1.000000000000000082E-05 ), #768, 'distance_accuracy_value', 'NONE');
#420 = CIRCLE ( 'NONE', #1244, 6.000000000000000000 ) ;
#421 = SURFACE_STYLE_USAGE ( .BOTH. , #590 ) ;
#422 = COLOUR_RGB ( '',0.2509803921568627416, 0.2509803921568627416, 0.2509803921568627416 ) ;
#423 = VECTOR ( 'NONE', #1508, 1000.000000000000000 ) ;
#424 = SURFACE_STYLE_USAGE ( .BOTH. , #629 ) ;
#425 = CIRCLE ( 'NONE', #1606, 1.700000000000000178 ) ;
#426 = DIRECTION ( 'NONE',  ( 0.000000000000000000, 0.000000000000000000, -1.000000000000000000 ) ) ;
#427 = DIRECTION ( 'NONE',  ( -1.000000000000000000, 0.000000000000000000, 0.000000000000000000 ) ) ;
#428 = STYLED_ITEM ( 'NONE', ( #1663 ), #1993 ) ;
#429 = VECTOR ( 'NONE', #286, 1000.000000000000000 ) ;
#430 = SPHERICAL_SURFACE ( 'NONE', #530, 0.5000000000000000000 ) ;
#431 =( GEOMETRIC_REPRESENTATION_CONTEXT ( 3 ) GLOBAL_UNCERTAINTY_ASSIGNED_CONTEXT ( ( #1843 ) ) GLOBAL_UNIT_ASSIGNED_CONTEXT ( ( #266, #1525, #1551 ) ) REPRESENTATION_CONTEXT ( 'NONE', 'WORKASPACE' ) );
#432 = ORIENTED_EDGE ( 'NONE', *, *, #1319, .F. ) ;
#433 = SURFACE_STYLE_FILL_AREA ( #791 ) ;
#434 = COLOUR_RGB ( '',0.2509803921568627416, 0.2509803921568627416, 0.2509803921568627416 ) ;
#435 = DIRECTION ( 'NONE',  ( -0.000000000000000000, -0.000000000000000000, 1.000000000000000000 ) ) ;
#436 = VERTEX_POINT ( 'NONE', #2047 ) ;
#437 = ORIENTED_EDGE ( 'NONE', *, *, #1182, .F. ) ;
#438 = ORIENTED_EDGE ( 'NONE', *, *, #174, .F. ) ;
#439 = CARTESIAN_POINT ( 'NONE',  ( 12.25000000000000000, -1.000000000000004663, 3.100000000000000089 ) ) ;
#440 = DIRECTION ( 'NONE',  ( -1.000000000000000000, 0.000000000000000000, 0.000000000000000000 ) ) ;
#441 =( NAMED_UNIT ( * ) PLANE_ANGLE_UNIT ( ) SI_UNIT ( $, .RADIAN. ) );
#442 = EDGE_CURVE ( 'NONE', #1033, #16, #1566, .T. ) ;
#443 = FACE_OUTER_BOUND ( 'NONE', #1822, .T. ) ;
#444 = EDGE_LOOP ( 'NONE', ( #977, #365, #257, #707 ) ) ;
#445 = ORIENTED_EDGE ( 'NONE', *, *, #1605, .F. ) ;
#446 = LINE ( 'NONE', #1659, #1998 ) ;
#447 = FACE_OUTER_BOUND ( 'NONE', #1731, .T. ) ;
#448 = EDGE_CURVE ( 'NONE', #784, #228, #1361, .T. ) ;
#449 = UNCERTAINTY_MEASURE_WITH_UNIT (LENGTH_MEASURE( 1.000000000000000082E-05 ), #1547, 'distance_accuracy_value', 'NONE');
#450 = DIRECTION ( 'NONE',  ( 1.000000000000000000, 8.673617379884035472E-16, -0.000000000000000000 ) ) ;
#451 = EDGE_LOOP ( 'NONE', ( #437, #1592, #240, #1829, #312, #479, #595, #1130, #1479 ) ) ;
#452 = ORIENTED_EDGE ( 'NONE', *, *, #226, .T. ) ;
#453 = FACE_OUTER_BOUND ( 'NONE', #1901, .T. ) ;
#454 = DIRECTION ( 'NONE',  ( 0.000000000000000000, -1.000000000000000000, 0.000000000000000000 ) ) ;
#455 = AXIS2_PLACEMENT_3D ( 'NONE', #1258, #1990, #1983 ) ;
#456 = CYLINDRICAL_SURFACE ( 'NONE', #306, 0.4999999999999995559 ) ;
#457 = SURFACE_STYLE_USAGE ( .BOTH. , #1014 ) ;
#458 = CARTESIAN_POINT ( 'NONE',  ( -7.250000000000001776, -1.999999999999990896, 2.899999999999999911 ) ) ;
#459 = FACE_OUTER_BOUND ( 'NONE', #2222, .T. ) ;
#460 = MECHANICAL_DESIGN_GEOMETRIC_PRESENTATION_REPRESENTATION (  '', ( #2210 ), #1138 ) ;
#461 = DIRECTION ( 'NONE',  ( 1.000000000000000000, 0.000000000000000000, 0.000000000000000000 ) ) ;
#462 = ORIENTED_EDGE ( 'NONE', *, *, #1681, .T. ) ;
#463 = PRESENTATION_STYLE_ASSIGNMENT (( #2285 ) ) ;
#464 = PRESENTATION_LAYER_ASSIGNMENT (  '', '', ( #1140 ) ) ;
#465 = COLOUR_RGB ( '',0.2509803921568627416, 0.2509803921568627416, 0.2509803921568627416 ) ;
#466 = DIRECTION ( 'NONE',  ( -0.000000000000000000, -0.000000000000000000, -1.000000000000000000 ) ) ;
#467 = CIRCLE ( 'NONE', #761, 1.700000000000000178 ) ;
#468 =( NAMED_UNIT ( * ) SI_UNIT ( $, .STERADIAN. ) SOLID_ANGLE_UNIT ( ) );
#469 = SURFACE_STYLE_FILL_AREA ( #991 ) ;
#470 = PRODUCT_DEFINITION_FORMATION_WITH_SPECIFIED_SOURCE ( 'ANY', '', #2342, .NOT_KNOWN. ) ;
#471 =( NAMED_UNIT ( * ) PLANE_ANGLE_UNIT ( ) SI_UNIT ( $, .RADIAN. ) );
#472 = FACE_OUTER_BOUND ( 'NONE', #957, .T. ) ;
#473 = DIRECTION ( 'NONE',  ( 1.000000000000000000, 0.000000000000000000, 0.000000000000000000 ) ) ;
#474 = SURFACE_STYLE_USAGE ( .BOTH. , #1048 ) ;
#475 = SURFACE_STYLE_USAGE ( .BOTH. , #989 ) ;
#476 = DIRECTION ( 'NONE',  ( -0.000000000000000000, -0.000000000000000000, -1.000000000000000000 ) ) ;
#477 =( NAMED_UNIT ( * ) PLANE_ANGLE_UNIT ( ) SI_UNIT ( $, .RADIAN. ) );
#478 = UNCERTAINTY_MEASURE_WITH_UNIT (LENGTH_MEASURE( 1.000000000000000082E-05 ), #400, 'distance_accuracy_value', 'NONE');
#479 = ORIENTED_EDGE ( 'NONE', *, *, #1266, .T. ) ;
#480 =( NAMED_UNIT ( * ) SI_UNIT ( $, .STERADIAN. ) SOLID_ANGLE_UNIT ( ) );
#481 = COLOUR_RGB ( '',0.6470588235294117974, 0.6196078431372549211, 0.5882352941176470784 ) ;
#482 = AXIS2_PLACEMENT_3D ( 'NONE', #285, #118, #2129 ) ;
#483 = SURFACE_STYLE_FILL_AREA ( #1560 ) ;
#484 = COLOUR_RGB ( '',0.6470588235294117974, 0.6196078431372549211, 0.5882352941176470784 ) ;
#485 = LINE ( 'NONE', #1202, #1535 ) ;
#486 = FILL_AREA_STYLE_COLOUR ( '', #206 ) ;
#487 = EDGE_CURVE ( 'NONE', #776, #2356, #1538, .T. ) ;
#488 = DIRECTION ( 'NONE',  ( 0.000000000000000000, 0.000000000000000000, -1.000000000000000000 ) ) ;
#489 = CARTESIAN_POINT ( 'NONE',  ( -12.25000000000000000, 0.9999999999999993339, 3.100000000000000089 ) ) ;
#490 = ADVANCED_FACE ( 'NONE', ( #808 ), #1559, .F. ) ;
#491 = EDGE_LOOP ( 'NONE', ( #331, #1534, #2229, #1629 ) ) ;
#492 = CARTESIAN_POINT ( 'NONE',  ( 7.749999999999999112, -2.000000000000003997, 2.899999999999999911 ) ) ;
#493 = FACE_OUTER_BOUND ( 'NONE', #1455, .T. ) ;
#494 = SURFACE_STYLE_USAGE ( .BOTH. , #2319 ) ;
#495 = AXIS2_PLACEMENT_3D ( 'NONE', #255, #276, #2074 ) ;
#496 = VECTOR ( 'NONE', #200, 1000.000000000000000 ) ;
#497 = FILL_AREA_STYLE_COLOUR ( '', #2261 ) ;
#498 = SURFACE_STYLE_USAGE ( .BOTH. , #689 ) ;
#499 =( GEOMETRIC_REPRESENTATION_CONTEXT ( 3 ) GLOBAL_UNCERTAINTY_ASSIGNED_CONTEXT ( ( #961 ) ) GLOBAL_UNIT_ASSIGNED_CONTEXT ( ( #2173, #349, #2379 ) ) REPRESENTATION_CONTEXT ( 'NONE', 'WORKASPACE' ) );
#500 = UNCERTAINTY_MEASURE_WITH_UNIT (LENGTH_MEASURE( 1.000000000000000082E-05 ), #371, 'distance_accuracy_value', 'NONE');
#501 = ORIENTED_EDGE ( 'NONE', *, *, #149, .F. ) ;
#502 = PRESENTATION_STYLE_ASSIGNMENT (( #1415 ) ) ;
#503 = FACE_OUTER_BOUND ( 'NONE', #2209, .T. ) ;
#504 = DIRECTION ( 'NONE',  ( -1.000000000000000000, 0.000000000000000000, 0.000000000000000000 ) ) ;
#505 = EDGE_CURVE ( 'NONE', #381, #246, #1549, .T. ) ;
#506 = CIRCLE ( 'NONE', #1047, 0.5000000000000000000 ) ;
#507 = CARTESIAN_POINT ( 'NONE',  ( -12.25000000000000000, -1.000000000000004663, 3.100000000000000089 ) ) ;
#508 = CARTESIAN_POINT ( 'NONE',  ( 12.25000000000000000, -1.224646799147346551E-16, 2.899999999999999911 ) ) ;
#509 = ADVANCED_FACE ( 'NONE', ( #453 ), #561, .T. ) ;
#510 = ORIENTED_EDGE ( 'NONE', *, *, #1456, .F. ) ;
#511 = DIRECTION ( 'NONE',  ( 0.000000000000000000, 1.000000000000000000, 0.000000000000000000 ) ) ;
#512 = EDGE_CURVE ( 'NONE', #1897, #1744, #1734, .T. ) ;
#513 = FACE_OUTER_BOUND ( 'NONE', #176, .T. ) ;
#514 = FACE_OUTER_BOUND ( 'NONE', #1851, .T. ) ;
#515 = SURFACE_STYLE_FILL_AREA ( #2341 ) ;
#516 =( GEOMETRIC_REPRESENTATION_CONTEXT ( 3 ) GLOBAL_UNCERTAINTY_ASSIGNED_CONTEXT ( ( #2323 ) ) GLOBAL_UNIT_ASSIGNED_CONTEXT ( ( #1768, #2098, #864 ) ) REPRESENTATION_CONTEXT ( 'NONE', 'WORKASPACE' ) );
#517 =( LENGTH_UNIT ( ) NAMED_UNIT ( * ) SI_UNIT ( .MILLI., .METRE. ) );
#518 = ORIENTED_EDGE ( 'NONE', *, *, #1212, .F. ) ;
#519 = COLOUR_RGB ( '',0.6470588235294117974, 0.6196078431372549211, 0.5882352941176470784 ) ;
#520 =( NAMED_UNIT ( * ) SI_UNIT ( $, .STERADIAN. ) SOLID_ANGLE_UNIT ( ) );
#521 = DIRECTION ( 'NONE',  ( -0.000000000000000000, -0.000000000000000000, -1.000000000000000000 ) ) ;
#522 = COLOUR_RGB ( '',0.6470588235294117974, 0.6196078431372549211, 0.5882352941176470784 ) ;
#523 =( GEOMETRIC_REPRESENTATION_CONTEXT ( 3 ) GLOBAL_UNCERTAINTY_ASSIGNED_CONTEXT ( ( #500 ) ) GLOBAL_UNIT_ASSIGNED_CONTEXT ( ( #371, #1815, #2027 ) ) REPRESENTATION_CONTEXT ( 'NONE', 'WORKASPACE' ) );
#524 = CARTESIAN_POINT ( 'NONE',  ( -0.02786404500041902987, 0.000000000000000000, 4.000000000000000000 ) ) ;
#525 = FILL_AREA_STYLE_COLOUR ( '', #481 ) ;
#526 = MECHANICAL_DESIGN_GEOMETRIC_PRESENTATION_REPRESENTATION (  '', ( #1485 ), #2108 ) ;
#527 = CIRCLE ( 'NONE', #905, 5.999999999999999112 ) ;
#528 = ADVANCED_FACE ( 'NONE', ( #737 ), #1994, .T. ) ;
#529 = CIRCLE ( 'NONE', #837, 0.5000000000000000000 ) ;
#530 = AXIS2_PLACEMENT_3D ( 'NONE', #642, #1194, #634 ) ;
#531 = PRESENTATION_LAYER_ASSIGNMENT (  '', '', ( #1765 ) ) ;
#532 = CARTESIAN_POINT ( 'NONE',  ( -4.656199340039639090, -3.818181818181818343, 4.000000000000000000 ) ) ;
#533 = VERTEX_POINT ( 'NONE', #1676 ) ;
#534 = DIRECTION ( 'NONE',  ( -1.000000000000000000, 0.000000000000000000, 0.000000000000000000 ) ) ;
#535 = ORIENTED_EDGE ( 'NONE', *, *, #2181, .T. ) ;
#536 = DIRECTION ( 'NONE',  ( -2.602085213965210642E-13, -1.000000000000000000, 8.673617379884035472E-16 ) ) ;
#537 = DIRECTION ( 'NONE',  ( -0.000000000000000000, -0.000000000000000000, 1.000000000000000000 ) ) ;
#538 = SURFACE_SIDE_STYLE ('',( #2360 ) ) ;
#539 = CARTESIAN_POINT ( 'NONE',  ( -7.750000000000000888, -2.000000000000000444, 2.899999999999999911 ) ) ;
#540 = DIRECTION ( 'NONE',  ( 0.000000000000000000, 0.000000000000000000, 1.000000000000000000 ) ) ;
#541 = VERTEX_POINT ( 'NONE', #724 ) ;
#542 = ORIENTED_EDGE ( 'NONE', *, *, #1325, .F. ) ;
#543 = DIRECTION ( 'NONE',  ( -1.000000000000000000, 0.000000000000000000, 0.000000000000000000 ) ) ;
#544 = CIRCLE ( 'NONE', #1307, 0.5000000000000000000 ) ;
#545 = UNCERTAINTY_MEASURE_WITH_UNIT (LENGTH_MEASURE( 1.000000000000000082E-05 ), #1740, 'distance_accuracy_value', 'NONE');
#546 = VECTOR ( 'NONE', #2153, 1000.000000000000000 ) ;
#547 = CARTESIAN_POINT ( 'NONE',  ( 0.000000000000000000, 0.000000000000000000, 8.000000000000000000 ) ) ;
#548 = PRODUCT_RELATED_PRODUCT_CATEGORY ( 'part', '', ( #2342 ) ) ;
#549 = DIRECTION ( 'NONE',  ( 0.000000000000000000, -1.000000000000000000, 0.000000000000000000 ) ) ;
#550 = CIRCLE ( 'NONE', #121, 5.999999999999999112 ) ;
#551 = DIRECTION ( 'NONE',  ( 0.000000000000000000, 0.000000000000000000, -1.000000000000000000 ) ) ;
#552 = AXIS2_PLACEMENT_3D ( 'NONE', #1874, #767, #632 ) ;
#553 = DIRECTION ( 'NONE',  ( 0.000000000000000000, 0.000000000000000000, 1.000000000000000000 ) ) ;
#554 = ORIENTED_EDGE ( 'NONE', *, *, #780, .F. ) ;
#555 = DIRECTION ( 'NONE',  ( 1.000000000000000000, 0.000000000000000000, 0.000000000000000000 ) ) ;
#556 = EDGE_LOOP ( 'NONE', ( #732, #2388, #869, #1171 ) ) ;
#557 = CARTESIAN_POINT ( 'NONE',  ( 7.750000000000000000, 1.999999999999998668, 2.899999999999999911 ) ) ;
#558 = EDGE_CURVE ( 'NONE', #606, #740, #2279, .T. ) ;
#559 = FILL_AREA_STYLE_COLOUR ( '', #1531 ) ;
#560 = CIRCLE ( 'NONE', #1904, 3.350000000000000089 ) ;
#561 = CYLINDRICAL_SURFACE ( 'NONE', #806, 0.4999999999999995559 ) ;
#562 = FACE_OUTER_BOUND ( 'NONE', #2126, .T. ) ;
#563 = PRESENTATION_STYLE_ASSIGNMENT (( #169 ) ) ;
#564 = AXIS2_PLACEMENT_3D ( 'NONE', #1169, #1514, #1553 ) ;
#565 = DIRECTION ( 'NONE',  ( 1.000000000000000000, 1.011922027653137537E-15, 0.000000000000000000 ) ) ;
#566 =( GEOMETRIC_REPRESENTATION_CONTEXT ( 3 ) GLOBAL_UNCERTAINTY_ASSIGNED_CONTEXT ( ( #1127 ) ) GLOBAL_UNIT_ASSIGNED_CONTEXT ( ( #1292, #390, #2157 ) ) REPRESENTATION_CONTEXT ( 'NONE', 'WORKASPACE' ) );
#567 = AXIS2_PLACEMENT_3D ( 'NONE', #594, #1700, #1522 ) ;
#568 = ORIENTED_EDGE ( 'NONE', *, *, #448, .T. ) ;
#569 = SURFACE_STYLE_FILL_AREA ( #1095 ) ;
#570 =( LENGTH_UNIT ( ) NAMED_UNIT ( * ) SI_UNIT ( .MILLI., .METRE. ) );
#571 = ORIENTED_EDGE ( 'NONE', *, *, #1720, .T. ) ;
#572 = EDGE_CURVE ( 'NONE', #887, #1743, #184, .T. ) ;
#573 =( NAMED_UNIT ( * ) PLANE_ANGLE_UNIT ( ) SI_UNIT ( $, .RADIAN. ) );
#574 = SURFACE_SIDE_STYLE ('',( #252 ) ) ;
#575 = FILL_AREA_STYLE_COLOUR ( '', #336 ) ;
#576 = UNCERTAINTY_MEASURE_WITH_UNIT (LENGTH_MEASURE( 1.000000000000000082E-05 ), #1593, 'distance_accuracy_value', 'NONE');
#577 = CARTESIAN_POINT ( 'NONE',  ( 4.270504732119704272, 3.500000000000000000, 3.500000000000000000 ) ) ;
#578 = EDGE_CURVE ( 'NONE', #129, #1123, #506, .T. ) ;
#579 = VERTEX_POINT ( 'NONE', #1640 ) ;
#580 = SURFACE_STYLE_FILL_AREA ( #2057 ) ;
#581 = LINE ( 'NONE', #788, #1489 ) ;
#582 = DIRECTION ( 'NONE',  ( 0.000000000000000000, 1.000000000000000000, 0.000000000000000000 ) ) ;
#583 = EDGE_CURVE ( 'NONE', #1878, #2264, #2376, .T. ) ;
#584 = DIRECTION ( 'NONE',  ( -8.673617379884035472E-16, 1.000000000000000000, 0.000000000000000000 ) ) ;
#585 = DIRECTION ( 'NONE',  ( -0.000000000000000000, -0.000000000000000000, -1.000000000000000000 ) ) ;
#586 =( NAMED_UNIT ( * ) PLANE_ANGLE_UNIT ( ) SI_UNIT ( $, .RADIAN. ) );
#587 = MECHANICAL_DESIGN_GEOMETRIC_PRESENTATION_REPRESENTATION (  '', ( #2043 ), #1507 ) ;
#588 = CARTESIAN_POINT ( 'NONE',  ( -7.750000000000000888, -2.000000000000000444, 3.100000000000000089 ) ) ;
#589 = MECHANICAL_DESIGN_GEOMETRIC_PRESENTATION_REPRESENTATION (  '', ( #1741 ), #2046 ) ;
#590 = SURFACE_SIDE_STYLE ('',( #2283 ) ) ;
#591 = ORIENTED_EDGE ( 'NONE', *, *, #166, .T. ) ;
#592 = ORIENTED_EDGE ( 'NONE', *, *, #410, .F. ) ;
#593 = SURFACE_STYLE_USAGE ( .BOTH. , #1359 ) ;
#594 = CARTESIAN_POINT ( 'NONE',  ( 0.02786404500041989724, 0.000000000000000000, 0.000000000000000000 ) ) ;
#595 = ORIENTED_EDGE ( 'NONE', *, *, #2025, .F. ) ;
#596 = DIRECTION ( 'NONE',  ( -0.000000000000000000, -0.000000000000000000, -1.000000000000000000 ) ) ;
#597 = CARTESIAN_POINT ( 'NONE',  ( -4.270504732119704272, 4.000000000000000000, 4.000000000000000000 ) ) ;
#598 = CYLINDRICAL_SURFACE ( 'NONE', #107, 0.5000000000000004441 ) ;
#599 = ORIENTED_EDGE ( 'NONE', *, *, #2208, .T. ) ;
#600 = DIRECTION ( 'NONE',  ( 0.000000000000000000, 0.000000000000000000, 1.000000000000000000 ) ) ;
#601 =( LENGTH_UNIT ( ) NAMED_UNIT ( * ) SI_UNIT ( .MILLI., .METRE. ) );
#602 = EDGE_LOOP ( 'NONE', ( #911, #115, #154, #1555 ) ) ;
#603 = UNCERTAINTY_MEASURE_WITH_UNIT (LENGTH_MEASURE( 1.000000000000000082E-05 ), #1877, 'distance_accuracy_value', 'NONE');
#604 = MECHANICAL_DESIGN_GEOMETRIC_PRESENTATION_REPRESENTATION (  '', ( #1369 ), #940 ) ;
#605 = FILL_AREA_STYLE_COLOUR ( '', #422 ) ;
#606 = VERTEX_POINT ( 'NONE', #1103 ) ;
#607 = COLOUR_RGB ( '',1.000000000000000000, 0.000000000000000000, 0.000000000000000000 ) ;
#608 = ADVANCED_FACE ( 'NONE', ( #1340 ), #222, .T. ) ;
#609 = MECHANICAL_DESIGN_GEOMETRIC_PRESENTATION_REPRESENTATION (  '', ( #1438 ), #1543 ) ;
#610 = EDGE_LOOP ( 'NONE', ( #4, #931, #2075, #2056 ) ) ;
#611 = PRESENTATION_LAYER_ASSIGNMENT (  '', '', ( #212 ) ) ;
#612 =( GEOMETRIC_REPRESENTATION_CONTEXT ( 3 ) GLOBAL_UNCERTAINTY_ASSIGNED_CONTEXT ( ( #419 ) ) GLOBAL_UNIT_ASSIGNED_CONTEXT ( ( #768, #2037, #1296 ) ) REPRESENTATION_CONTEXT ( 'NONE', 'WORKASPACE' ) );
#613 = VERTEX_POINT ( 'NONE', #1512 ) ;
#614 = SURFACE_SIDE_STYLE ('',( #1523 ) ) ;
#615 = DIRECTION ( 'NONE',  ( -1.000000000000000000, 0.000000000000000000, 0.000000000000000000 ) ) ;
#616 = AXIS2_PLACEMENT_3D ( 'NONE', #1952, #2158, #294 ) ;
#617 = CARTESIAN_POINT ( 'NONE',  ( -12.25000000000000000, -1.224646799147346551E-16, 2.899999999999999911 ) ) ;
#618 = DIRECTION ( 'NONE',  ( 0.000000000000000000, 0.000000000000000000, -1.000000000000000000 ) ) ;
#619 = EDGE_LOOP ( 'NONE', ( #272, #33, #1111, #1267, #1115, #49, #568, #1959, #795, #1279, #948, #1597 ) ) ;
#620 = PRESENTATION_LAYER_ASSIGNMENT (  '', '', ( #1985 ) ) ;
#621 = ADVANCED_FACE ( 'NONE', ( #275 ), #1309, .T. ) ;
#622 =( NAMED_UNIT ( * ) PLANE_ANGLE_UNIT ( ) SI_UNIT ( $, .RADIAN. ) );
#623 = CARTESIAN_POINT ( 'NONE',  ( 0.000000000000000000, 0.000000000000000000, 5.799999999999999822 ) ) ;
#624 = SURFACE_STYLE_USAGE ( .BOTH. , #1735 ) ;
#625 = ADVANCED_FACE ( 'NONE', ( #1323 ), #644, .T. ) ;
#626 = DIRECTION ( 'NONE',  ( -1.000000000000000000, 0.000000000000000000, 0.000000000000000000 ) ) ;
#627 = VERTEX_POINT ( 'NONE', #1750 ) ;
#628 = ORIENTED_EDGE ( 'NONE', *, *, #1996, .T. ) ;
#629 = SURFACE_SIDE_STYLE ('',( #580 ) ) ;
#630 = ORIENTED_EDGE ( 'NONE', *, *, #1245, .F. ) ;
#631 = CARTESIAN_POINT ( 'NONE',  ( -4.656199340039639090, 3.818181818181818343, 4.000000000000000000 ) ) ;
#632 = DIRECTION ( 'NONE',  ( -1.000000000000000000, 0.000000000000000000, 0.000000000000000000 ) ) ;
#633 = DIRECTION ( 'NONE',  ( 0.000000000000000000, 0.000000000000000000, 1.000000000000000000 ) ) ;
#634 = DIRECTION ( 'NONE',  ( 1.000000000000000000, 0.000000000000000000, 0.000000000000000000 ) ) ;
#635 = VERTEX_POINT ( 'NONE', #145 ) ;
#636 = FILL_AREA_STYLE ('',( #2105 ) ) ;
#637 =( LENGTH_UNIT ( ) NAMED_UNIT ( * ) SI_UNIT ( .MILLI., .METRE. ) );
#638 = AXIS2_PLACEMENT_3D ( 'NONE', #623, #1324, #973 ) ;
#639 = FILL_AREA_STYLE ('',( #1961 ) ) ;
#640 =( GEOMETRIC_REPRESENTATION_CONTEXT ( 3 ) GLOBAL_UNCERTAINTY_ASSIGNED_CONTEXT ( ( #736 ) ) GLOBAL_UNIT_ASSIGNED_CONTEXT ( ( #517, #1068, #1611 ) ) REPRESENTATION_CONTEXT ( 'NONE', 'WORKASPACE' ) );
#641 = PRESENTATION_STYLE_ASSIGNMENT (( #474 ) ) ;
#642 = CARTESIAN_POINT ( 'NONE',  ( -4.270504732119704272, 3.500000000000000000, 3.500000000000000000 ) ) ;
#643 = CARTESIAN_POINT ( 'NONE',  ( 12.25000000000000000, -1.224646799147346551E-16, 2.899999999999999911 ) ) ;
#644 = PLANE ( 'NONE',  #1590 ) ;
#645 = CARTESIAN_POINT ( 'NONE',  ( 3.350000000000000089, 4.102566777143633281E-16, 5.299999999999998934 ) ) ;
#646 = PRESENTATION_LAYER_ASSIGNMENT (  '', '', ( #1660 ) ) ;
#647 = PRESENTATION_STYLE_ASSIGNMENT (( #1403 ) ) ;
#648 = UNCERTAINTY_MEASURE_WITH_UNIT (LENGTH_MEASURE( 1.000000000000000082E-05 ), #1224, 'distance_accuracy_value', 'NONE');
#649 = VECTOR ( 'NONE', #1195, 1000.000000000000000 ) ;
#650 = PRESENTATION_LAYER_ASSIGNMENT (  '', '', ( #208 ) ) ;
#651 = AXIS2_PLACEMENT_3D ( 'NONE', #290, #2151, #1784 ) ;
#652 =( LENGTH_UNIT ( ) NAMED_UNIT ( * ) SI_UNIT ( .MILLI., .METRE. ) );
#653 = VECTOR ( 'NONE', #320, 1000.000000000000000 ) ;
#654 = FILL_AREA_STYLE ('',( #2295 ) ) ;
#655 = AXIS2_PLACEMENT_3D ( 'NONE', #218, #1163, #250 ) ;
#656 =( GEOMETRIC_REPRESENTATION_CONTEXT ( 3 ) GLOBAL_UNCERTAINTY_ASSIGNED_CONTEXT ( ( #207 ) ) GLOBAL_UNIT_ASSIGNED_CONTEXT ( ( #942, #1450, #1651 ) ) REPRESENTATION_CONTEXT ( 'NONE', 'WORKASPACE' ) );
#657 = CARTESIAN_POINT ( 'NONE',  ( 0.000000000000000000, 0.000000000000000000, 0.000000000000000000 ) ) ;
#658 = FILL_AREA_STYLE_COLOUR ( '', #1683 ) ;
#659 = AXIS2_PLACEMENT_3D ( 'NONE', #729, #885, #894 ) ;
#660 = FILL_AREA_STYLE_COLOUR ( '', #814 ) ;
#661 = CIRCLE ( 'NONE', #1400, 0.5000000000000004441 ) ;
#662 = CARTESIAN_POINT ( 'NONE',  ( 4.270504732119706048, 4.000000000000000000, 0.000000000000000000 ) ) ;
#663 = FACE_OUTER_BOUND ( 'NONE', #772, .T. ) ;
#664 = EDGE_CURVE ( 'NONE', #129, #163, #2320, .T. ) ;
#665 = EDGE_LOOP ( 'NONE', ( #804, #192, #1697, #1728 ) ) ;
#666 = CARTESIAN_POINT ( 'NONE',  ( 7.250000000000000000, -1.500000000000003553, 3.100000000000000089 ) ) ;
#667 = CARTESIAN_POINT ( 'NONE',  ( -0.02786404500041902987, 0.000000000000000000, 3.100000000000000089 ) ) ;
#668 = EDGE_CURVE ( 'NONE', #1694, #219, #1963, .T. ) ;
#669 = CARTESIAN_POINT ( 'NONE',  ( -13.25000000000000355, -1.224646799147346551E-16, 2.899999999999999911 ) ) ;
#670 = EDGE_CURVE ( 'NONE', #1467, #1881, #1401, .T. ) ;
#671 = CIRCLE ( 'NONE', #1999, 1.000000000000002665 ) ;
#672 =( LENGTH_UNIT ( ) NAMED_UNIT ( * ) SI_UNIT ( .MILLI., .METRE. ) );
#673 = DIRECTION ( 'NONE',  ( -1.000000000000000000, 0.000000000000000000, 0.000000000000000000 ) ) ;
#674 = DIRECTION ( 'NONE',  ( 1.445602896647339410E-16, 1.000000000000000000, 0.000000000000000000 ) ) ;
#675 = TOROIDAL_SURFACE ( 'NONE', #2003, 5.500000000000000000, 0.5000000000000000000 ) ;
#676 = SURFACE_SIDE_STYLE ('',( #1588 ) ) ;
#677 = PRESENTATION_LAYER_ASSIGNMENT (  '', '', ( #1094 ) ) ;
#678 = ORIENTED_EDGE ( 'NONE', *, *, #891, .F. ) ;
#679 = LINE ( 'NONE', #2142, #755 ) ;
#680 = EDGE_CURVE ( 'NONE', #2199, #2274, #1890, .T. ) ;
#681 = CARTESIAN_POINT ( 'NONE',  ( 0.000000000000000000, 0.000000000000000000, 7.500000000000000000 ) ) ;
#682 = EDGE_LOOP ( 'NONE', ( #1129, #921, #2077, #189 ) ) ;
#683 =( NAMED_UNIT ( * ) SI_UNIT ( $, .STERADIAN. ) SOLID_ANGLE_UNIT ( ) );
#684 = AXIS2_PLACEMENT_3D ( 'NONE', #508, #881, #2330 ) ;
#685 = COLOUR_RGB ( '',0.2509803921568627416, 0.2509803921568627416, 0.2509803921568627416 ) ;
#686 = ADVANCED_FACE ( 'NONE', ( #1579 ), #1791, .T. ) ;
#687 = CIRCLE ( 'NONE', #2020, 3.350000000000000089 ) ;
#688 = SURFACE_STYLE_FILL_AREA ( #2310 ) ;
#689 = SURFACE_SIDE_STYLE ('',( #2131 ) ) ;
#690 = CIRCLE ( 'NONE', #659, 0.4999999999999996669 ) ;
#691 = PRESENTATION_LAYER_ASSIGNMENT (  '', '', ( #1729 ) ) ;
#692 = ORIENTED_EDGE ( 'NONE', *, *, #116, .T. ) ;
#693 = CARTESIAN_POINT ( 'NONE',  ( -6.027864045000418614, 0.000000000000000000, 0.000000000000000000 ) ) ;
#694 = LINE ( 'NONE', #588, #1219 ) ;
#695 = CARTESIAN_POINT ( 'NONE',  ( -4.656199340039638201, 3.818181818181817899, 0.000000000000000000 ) ) ;
#696 = STYLED_ITEM ( 'NONE', ( #415 ), #528 ) ;
#697 = CARTESIAN_POINT ( 'NONE',  ( -12.25000000000000000, 0.9999999999999993339, 3.100000000000000089 ) ) ;
#698 =( LENGTH_UNIT ( ) NAMED_UNIT ( * ) SI_UNIT ( .MILLI., .METRE. ) );
#699 = TOROIDAL_SURFACE ( 'NONE', #244, 1.700000000000000178, 0.5000000000000000000 ) ;
#700 = LINE ( 'NONE', #48, #22 ) ;
#701 = ORIENTED_EDGE ( 'NONE', *, *, #759, .T. ) ;
#702 = CARTESIAN_POINT ( 'NONE',  ( 7.750000000000000888, -1.000000000000000000, 3.100000000000000089 ) ) ;
#703 = DIRECTION ( 'NONE',  ( -1.000000000000000000, 0.000000000000000000, 0.000000000000000000 ) ) ;
#704 = CARTESIAN_POINT ( 'NONE',  ( 12.25000000000000000, -1.000000000000002220, 3.100000000000000089 ) ) ;
#705 = CIRCLE ( 'NONE', #823, 3.350000000000000089 ) ;
#706 = FILL_AREA_STYLE ('',( #1257 ) ) ;
#707 = ORIENTED_EDGE ( 'NONE', *, *, #1453, .F. ) ;
#708 = CARTESIAN_POINT ( 'NONE',  ( 7.749999999999999112, -2.000000000000003997, 2.899999999999999911 ) ) ;
#709 = ORIENTED_EDGE ( 'NONE', *, *, #1325, .T. ) ;
#710 = FILL_AREA_STYLE_COLOUR ( '', #128 ) ;
#711 = COLOUR_RGB ( '',0.6470588235294117974, 0.6196078431372549211, 0.5882352941176470784 ) ;
#712 = VECTOR ( 'NONE', #1916, 1000.000000000000000 ) ;
#713 = AXIS2_PLACEMENT_3D ( 'NONE', #2194, #754, #1841 ) ;
#714 = FILL_AREA_STYLE_COLOUR ( '', #522 ) ;
#715 = DIRECTION ( 'NONE',  ( -1.000000000000000000, 0.000000000000000000, 0.000000000000000000 ) ) ;
#716 = VECTOR ( 'NONE', #57, 1000.000000000000000 ) ;
#717 =( GEOMETRIC_REPRESENTATION_CONTEXT ( 3 ) GLOBAL_UNCERTAINTY_ASSIGNED_CONTEXT ( ( #106 ) ) GLOBAL_UNIT_ASSIGNED_CONTEXT ( ( #1650, #1974, #520 ) ) REPRESENTATION_CONTEXT ( 'NONE', 'WORKASPACE' ) );
#718 = EDGE_CURVE ( 'NONE', #533, #1088, #2347, .T. ) ;
#719 = ORIENTED_EDGE ( 'NONE', *, *, #2378, .F. ) ;
#720 = CARTESIAN_POINT ( 'NONE',  ( -4.270504732119704272, -4.000000000000000000, 3.500000000000000000 ) ) ;
#721 = VERTEX_POINT ( 'NONE', #1050 ) ;
#722 =( NAMED_UNIT ( * ) SI_UNIT ( $, .STERADIAN. ) SOLID_ANGLE_UNIT ( ) );
#723 = EDGE_CURVE ( 'NONE', #219, #143, #1705, .T. ) ;
#724 = CARTESIAN_POINT ( 'NONE',  ( 7.249999999999998224, -2.000000000000002220, 3.100000000000000089 ) ) ;
#725 = CARTESIAN_POINT ( 'NONE',  ( -6.027864045000418614, 0.000000000000000000, 3.500000000000000000 ) ) ;
#726 = SURFACE_SIDE_STYLE ('',( #515 ) ) ;
#727 = SURFACE_STYLE_USAGE ( .BOTH. , #771 ) ;
#728 = SURFACE_STYLE_FILL_AREA ( #2377 ) ;
#729 = CARTESIAN_POINT ( 'NONE',  ( -4.270504732119704272, 3.499999999999999556, 3.500000000000000000 ) ) ;
#730 = ORIENTED_EDGE ( 'NONE', *, *, #2348, .F. ) ;
#731 = DIRECTION ( 'NONE',  ( -1.000000000000000000, 8.673617379884042375E-16, 0.000000000000000000 ) ) ;
#732 = ORIENTED_EDGE ( 'NONE', *, *, #322, .F. ) ;
#733 = SURFACE_STYLE_FILL_AREA ( #1639 ) ;
#734 = FILL_AREA_STYLE ('',( #988 ) ) ;
#735 = CIRCLE ( 'NONE', #1802, 1.000000000000002665 ) ;
#736 = UNCERTAINTY_MEASURE_WITH_UNIT (LENGTH_MEASURE( 1.000000000000000082E-05 ), #517, 'distance_accuracy_value', 'NONE');
#737 = FACE_OUTER_BOUND ( 'NONE', #2124, .T. ) ;
#738 = SPHERICAL_SURFACE ( 'NONE', #1530, 0.5000000000000000000 ) ;
#739 = AXIS2_PLACEMENT_3D ( 'NONE', #274, #97, #1577 ) ;
#740 = VERTEX_POINT ( 'NONE', #1203 ) ;
#741 =( GEOMETRIC_REPRESENTATION_CONTEXT ( 3 ) GLOBAL_UNCERTAINTY_ASSIGNED_CONTEXT ( ( #1261 ) ) GLOBAL_UNIT_ASSIGNED_CONTEXT ( ( #1869, #944, #915 ) ) REPRESENTATION_CONTEXT ( 'NONE', 'WORKASPACE' ) );
#742 = DIRECTION ( 'NONE',  ( -1.734723475976800192E-15, -1.000000000000000000, -0.000000000000000000 ) ) ;
#743 = EDGE_CURVE ( 'NONE', #1582, #784, #671, .T. ) ;
#744 = ORIENTED_EDGE ( 'NONE', *, *, #1275, .T. ) ;
#745 = CARTESIAN_POINT ( 'NONE',  ( 7.750000000000000888, 0.9999999999999986677, 2.899999999999999911 ) ) ;
#746 = CARTESIAN_POINT ( 'NONE',  ( 5.684718294492799195, -2.000000000000002220, 4.000000000000000000 ) ) ;
#747 = ORIENTED_EDGE ( 'NONE', *, *, #891, .T. ) ;
#748 = ORIENTED_EDGE ( 'NONE', *, *, #2258, .F. ) ;
#749 = PRESENTATION_STYLE_ASSIGNMENT (( #203 ) ) ;
#750 = CARTESIAN_POINT ( 'NONE',  ( -2.200000000000000178, 0.000000000000000000, 8.000000000000000000 ) ) ;
#751 = DIRECTION ( 'NONE',  ( 8.673617379884035472E-16, 1.000000000000000000, -0.000000000000000000 ) ) ;
#752 = ADVANCED_FACE ( 'NONE', ( #1411, #2339 ), #1587, .T. ) ;
#753 = AXIS2_PLACEMENT_3D ( 'NONE', #1580, #2340, #703 ) ;
#754 = DIRECTION ( 'NONE',  ( 1.000000000000000000, -1.058181320345852328E-13, 0.000000000000000000 ) ) ;
#755 = VECTOR ( 'NONE', #1227, 1000.000000000000000 ) ;
#756 = STYLED_ITEM ( 'NONE', ( #1080 ), #1685 ) ;
#757 = CARTESIAN_POINT ( 'NONE',  ( 7.750000000000000000, 1.999999999999998668, 2.899999999999999911 ) ) ;
#758 = CIRCLE ( 'NONE', #1608, 0.5000000000000000000 ) ;
#759 = EDGE_CURVE ( 'NONE', #2356, #2076, #420, .T. ) ;
#760 = VERTEX_POINT ( 'NONE', #1811 ) ;
#761 = AXIS2_PLACEMENT_3D ( 'NONE', #2275, #1348, #1730 ) ;
#762 = CIRCLE ( 'NONE', #1682, 0.5000000000000004441 ) ;
#763 = STYLED_ITEM ( 'NONE', ( #1363 ), #1795 ) ;
#764 =( LENGTH_UNIT ( ) NAMED_UNIT ( * ) SI_UNIT ( .MILLI., .METRE. ) );
#765 = ORIENTED_EDGE ( 'NONE', *, *, #139, .T. ) ;
#766 =( GEOMETRIC_REPRESENTATION_CONTEXT ( 3 ) GLOBAL_UNCERTAINTY_ASSIGNED_CONTEXT ( ( #41 ) ) GLOBAL_UNIT_ASSIGNED_CONTEXT ( ( #63, #1362, #293 ) ) REPRESENTATION_CONTEXT ( 'NONE', 'WORKASPACE' ) );
#767 = DIRECTION ( 'NONE',  ( -0.000000000000000000, -0.000000000000000000, -1.000000000000000000 ) ) ;
#768 =( LENGTH_UNIT ( ) NAMED_UNIT ( * ) SI_UNIT ( .MILLI., .METRE. ) );
#769 = ORIENTED_EDGE ( 'NONE', *, *, #1196, .T. ) ;
#770 = PRESENTATION_STYLE_ASSIGNMENT (( #239 ) ) ;
#771 = SURFACE_SIDE_STYLE ('',( #1500 ) ) ;
#772 = EDGE_LOOP ( 'NONE', ( #1494, #895, #1496, #1322 ) ) ;
#773 =( NAMED_UNIT ( * ) PLANE_ANGLE_UNIT ( ) SI_UNIT ( $, .RADIAN. ) );
#774 = CARTESIAN_POINT ( 'NONE',  ( -7.250000000000000888, -1.499999999999990896, 2.899999999999999911 ) ) ;
#775 = CARTESIAN_POINT ( 'NONE',  ( 4.656199340039639978, 3.818181818181818787, 4.000000000000000000 ) ) ;
#776 = VERTEX_POINT ( 'NONE', #1271 ) ;
#777 = PRESENTATION_STYLE_ASSIGNMENT (( #1180 ) ) ;
#778 = CARTESIAN_POINT ( 'NONE',  ( -7.750000000000000000, 1.999999999999998668, 2.899999999999999911 ) ) ;
#779 = PRESENTATION_LAYER_ASSIGNMENT (  '', '', ( #1463 ) ) ;
#780 = EDGE_CURVE ( 'NONE', #2264, #606, #2007, .T. ) ;
#781 = COLOUR_RGB ( '',0.6470588235294117974, 0.6196078431372549211, 0.5882352941176470784 ) ;
#782 = ORIENTED_EDGE ( 'NONE', *, *, #1153, .T. ) ;
#783 = PRESENTATION_LAYER_ASSIGNMENT (  '', '', ( #1207 ) ) ;
#784 = VERTEX_POINT ( 'NONE', #1799 ) ;
#785 = EDGE_LOOP ( 'NONE', ( #2189, #2366, #979, #1125 ) ) ;
#786 = ORIENTED_EDGE ( 'NONE', *, *, #1910, .F. ) ;
#787 = EDGE_CURVE ( 'NONE', #776, #1569, #1215, .T. ) ;
#788 = CARTESIAN_POINT ( 'NONE',  ( -6.027864045000418614, 0.000000000000000000, 4.000000000000000000 ) ) ;
#789 = FACE_OUTER_BOUND ( 'NONE', #236, .T. ) ;
#790 = DIRECTION ( 'NONE',  ( 0.000000000000000000, -0.000000000000000000, 1.000000000000000000 ) ) ;
#791 = FILL_AREA_STYLE ('',( #2071 ) ) ;
#792 = SURFACE_STYLE_USAGE ( .BOTH. , #574 ) ;
#793 = DIRECTION ( 'NONE',  ( 0.000000000000000000, 0.000000000000000000, -1.000000000000000000 ) ) ;
#794 = UNCERTAINTY_MEASURE_WITH_UNIT (LENGTH_MEASURE( 1.000000000000000082E-05 ), #1398, 'distance_accuracy_value', 'NONE');
#795 = ORIENTED_EDGE ( 'NONE', *, *, #583, .T. ) ;
#796 = VECTOR ( 'NONE', #2125, 1000.000000000000000 ) ;
#797 = PRESENTATION_LAYER_ASSIGNMENT (  '', '', ( #2329 ) ) ;
#798 = DIRECTION ( 'NONE',  ( 0.000000000000000000, 0.000000000000000000, -1.000000000000000000 ) ) ;
#799 = CARTESIAN_POINT ( 'NONE',  ( 12.25000000000000000, -1.224646799147346551E-16, 3.100000000000000089 ) ) ;
#800 = FILL_AREA_STYLE_COLOUR ( '', #1643 ) ;
#801 = EDGE_CURVE ( 'NONE', #143, #541, #1824, .T. ) ;
#802 = CARTESIAN_POINT ( 'NONE',  ( 5.684718294492799195, -2.000000000000002220, 3.100000000000000089 ) ) ;
#803 = LINE ( 'NONE', #1710, #716 ) ;
#804 = ORIENTED_EDGE ( 'NONE', *, *, #1166, .F. ) ;
#805 = ORIENTED_EDGE ( 'NONE', *, *, #1242, .T. ) ;
#806 = AXIS2_PLACEMENT_3D ( 'NONE', #1449, #1634, #1471 ) ;
#807 = ADVANCED_FACE ( 'NONE', ( #1251, #165 ), #1698, .T. ) ;
#808 = FACE_OUTER_BOUND ( 'NONE', #2017, .T. ) ;
#809 = LINE ( 'NONE', #1177, #1131 ) ;
#810 = CARTESIAN_POINT ( 'NONE',  ( -6.027864045000418614, 0.000000000000000000, 4.000000000000000000 ) ) ;
#811 =( NAMED_UNIT ( * ) SI_UNIT ( $, .STERADIAN. ) SOLID_ANGLE_UNIT ( ) );
#812 = CARTESIAN_POINT ( 'NONE',  ( 0.000000000000000000, 0.000000000000000000, 5.799999999999999822 ) ) ;
#813 =( NAMED_UNIT ( * ) PLANE_ANGLE_UNIT ( ) SI_UNIT ( $, .RADIAN. ) );
#814 = COLOUR_RGB ( '',0.2509803921568627416, 0.2509803921568627416, 0.2509803921568627416 ) ;
#815 = DIRECTION ( 'NONE',  ( 1.000000000000000000, -1.011922027653137537E-15, 0.000000000000000000 ) ) ;
#816 = ORIENTED_EDGE ( 'NONE', *, *, #1082, .T. ) ;
#817 = SURFACE_SIDE_STYLE ('',( #2097 ) ) ;
#818 = FACE_OUTER_BOUND ( 'NONE', #65, .T. ) ;
#819 = ADVANCED_FACE ( 'NONE', ( #1020 ), #1943, .T. ) ;
#820 = LINE ( 'NONE', #1164, #342 ) ;
#821 = CARTESIAN_POINT ( 'NONE',  ( 7.249999999999999112, -2.000000000000003553, 2.899999999999999911 ) ) ;
#822 = PRESENTATION_STYLE_ASSIGNMENT (( #1382 ) ) ;
#823 = AXIS2_PLACEMENT_3D ( 'NONE', #35, #2245, #936 ) ;
#824 = PRESENTATION_STYLE_ASSIGNMENT (( #624 ) ) ;
#825 = FILL_AREA_STYLE_COLOUR ( '', #1064 ) ;
#826 = EDGE_CURVE ( 'NONE', #2252, #2216, #2101, .T. ) ;
#827 =( GEOMETRIC_REPRESENTATION_CONTEXT ( 3 ) GLOBAL_UNCERTAINTY_ASSIGNED_CONTEXT ( ( #81 ) ) GLOBAL_UNIT_ASSIGNED_CONTEXT ( ( #1026, #2297, #111 ) ) REPRESENTATION_CONTEXT ( 'NONE', 'WORKASPACE' ) );
#828 = ORIENTED_EDGE ( 'NONE', *, *, #955, .F. ) ;
#829 = ADVANCED_FACE ( 'NONE', ( #1413 ), #1554, .T. ) ;
#830 = VERTEX_POINT ( 'NONE', #1423 ) ;
#831 = VECTOR ( 'NONE', #1948, 1000.000000000000000 ) ;
#832 = MECHANICAL_DESIGN_GEOMETRIC_PRESENTATION_REPRESENTATION (  '', ( #1187 ), #900 ) ;
#833 =( GEOMETRIC_REPRESENTATION_CONTEXT ( 3 ) GLOBAL_UNCERTAINTY_ASSIGNED_CONTEXT ( ( #898 ) ) GLOBAL_UNIT_ASSIGNED_CONTEXT ( ( #637, #477, #811 ) ) REPRESENTATION_CONTEXT ( 'NONE', 'WORKASPACE' ) );
#834 = COLOUR_RGB ( '',0.2509803921568627416, 0.2509803921568627416, 0.2509803921568627416 ) ;
#835 = PRESENTATION_STYLE_ASSIGNMENT (( #114 ) ) ;
#836 =( GEOMETRIC_REPRESENTATION_CONTEXT ( 3 ) GLOBAL_UNCERTAINTY_ASSIGNED_CONTEXT ( ( #1684 ) ) GLOBAL_UNIT_ASSIGNED_CONTEXT ( ( #877, #1618, #317 ) ) REPRESENTATION_CONTEXT ( 'NONE', 'WORKASPACE' ) );
#837 = AXIS2_PLACEMENT_3D ( 'NONE', #912, #1089, #1480 ) ;
#838 = SURFACE_STYLE_USAGE ( .BOTH. , #104 ) ;
#839 =( GEOMETRIC_REPRESENTATION_CONTEXT ( 3 ) GLOBAL_UNCERTAINTY_ASSIGNED_CONTEXT ( ( #1709 ) ) GLOBAL_UNIT_ASSIGNED_CONTEXT ( ( #282, #2307, #844 ) ) REPRESENTATION_CONTEXT ( 'NONE', 'WORKASPACE' ) );
#840 = PRESENTATION_STYLE_ASSIGNMENT (( #1213 ) ) ;
#841 = EDGE_LOOP ( 'NONE', ( #782, #1653 ) ) ;
#842 = SURFACE_SIDE_STYLE ('',( #1377 ) ) ;
#843 = SURFACE_STYLE_USAGE ( .BOTH. , #316 ) ;
#844 =( NAMED_UNIT ( * ) SI_UNIT ( $, .STERADIAN. ) SOLID_ANGLE_UNIT ( ) );
#845 = DIRECTION ( 'NONE',  ( -1.000000000000000000, -1.011922027653137537E-15, -0.000000000000000000 ) ) ;
#846 = DIRECTION ( 'NONE',  ( 0.000000000000000000, 0.000000000000000000, -1.000000000000000000 ) ) ;
#847 = CARTESIAN_POINT ( 'NONE',  ( -4.499999999999998224, 4.000000000000000000, 3.500000000000000000 ) ) ;
#848 = LINE ( 'NONE', #1030, #653 ) ;
#849 = FILL_AREA_STYLE ('',( #825 ) ) ;
#850 = EDGE_CURVE ( 'NONE', #2252, #1892, #1473, .T. ) ;
#851 = ORIENTED_EDGE ( 'NONE', *, *, #2181, .F. ) ;
#852 = CYLINDRICAL_SURFACE ( 'NONE', #2259, 2.200000000000000178 ) ;
#853 = STYLED_ITEM ( 'NONE', ( #928 ), #1015 ) ;
#854 = AXIS2_PLACEMENT_3D ( 'NONE', #1211, #314, #2137 ) ;
#855 = EDGE_CURVE ( 'NONE', #2252, #1069, #560, .T. ) ;
#856 = CYLINDRICAL_SURFACE ( 'NONE', #1040, 0.5000000000000000000 ) ;
#857 = LINE ( 'NONE', #1039, #1434 ) ;
#858 = CIRCLE ( 'NONE', #455, 0.5000000000000004441 ) ;
#859 = CARTESIAN_POINT ( 'NONE',  ( 12.25000000000000000, -1.000000000000004663, 3.100000000000000089 ) ) ;
#860 = MECHANICAL_DESIGN_GEOMETRIC_PRESENTATION_REPRESENTATION (  '', ( #1899 ), #516 ) ;
#861 = ORIENTED_EDGE ( 'NONE', *, *, #1617, .F. ) ;
#862 = DIRECTION ( 'NONE',  ( 1.000000000000000000, -1.734723475976800192E-15, 0.000000000000000000 ) ) ;
#863 = AXIS2_PLACEMENT_3D ( 'NONE', #812, #1933, #1956 ) ;
#864 =( NAMED_UNIT ( * ) SI_UNIT ( $, .STERADIAN. ) SOLID_ANGLE_UNIT ( ) );
#865 = PRESENTATION_LAYER_ASSIGNMENT (  '', '', ( #1036 ) ) ;
#866 = DIRECTION ( 'NONE',  ( -1.000000000000000000, 0.000000000000000000, 0.000000000000000000 ) ) ;
#867 = VECTOR ( 'NONE', #1804, 1000.000000000000000 ) ;
#868 = CARTESIAN_POINT ( 'NONE',  ( 0.000000000000000000, 0.000000000000000000, 7.500000000000000000 ) ) ;
#869 = ORIENTED_EDGE ( 'NONE', *, *, #44, .T. ) ;
#870 = CIRCLE ( 'NONE', #2217, 0.4999999999999995559 ) ;
#871 = STYLED_ITEM ( 'NONE', ( #1713 ), #1997 ) ;
#872 =( GEOMETRIC_REPRESENTATION_CONTEXT ( 3 ) GLOBAL_UNCERTAINTY_ASSIGNED_CONTEXT ( ( #1581 ) ) GLOBAL_UNIT_ASSIGNED_CONTEXT ( ( #60, #394, #1550 ) ) REPRESENTATION_CONTEXT ( 'NONE', 'WORKASPACE' ) );
#873 = SURFACE_STYLE_USAGE ( .BOTH. , #2130 ) ;
#874 = CARTESIAN_POINT ( 'NONE',  ( 7.750000000000000888, -1.000000000000000000, 3.100000000000000089 ) ) ;
#875 = ORIENTED_EDGE ( 'NONE', *, *, #718, .T. ) ;
#876 = DIRECTION ( 'NONE',  ( -1.000000000000000000, 0.000000000000000000, 0.000000000000000000 ) ) ;
#877 =( LENGTH_UNIT ( ) NAMED_UNIT ( * ) SI_UNIT ( .MILLI., .METRE. ) );
#878 = ORIENTED_EDGE ( 'NONE', *, *, #2291, .T. ) ;
#879 = FILL_AREA_STYLE ('',( #144 ) ) ;
#880 = DIRECTION ( 'NONE',  ( -0.000000000000000000, -0.000000000000000000, -1.000000000000000000 ) ) ;
#881 = DIRECTION ( 'NONE',  ( 0.000000000000000000, 0.000000000000000000, -1.000000000000000000 ) ) ;
#882 = SURFACE_SIDE_STYLE ('',( #2185 ) ) ;
#883 = DIRECTION ( 'NONE',  ( -0.000000000000000000, -0.000000000000000000, -1.000000000000000000 ) ) ;
#884 = MECHANICAL_DESIGN_GEOMETRIC_PRESENTATION_REPRESENTATION (  '', ( #853 ), #319 ) ;
#885 = DIRECTION ( 'NONE',  ( 0.6363636363636366866, 0.7713892158398699683, 1.656926144594441479E-13 ) ) ;
#886 = FILL_AREA_STYLE ('',( #153 ) ) ;
#887 = VERTEX_POINT ( 'NONE', #2373 ) ;
#888 = FILL_AREA_STYLE_COLOUR ( '', #269 ) ;
#889 = DIRECTION ( 'NONE',  ( -1.000000000000000000, 0.000000000000000000, 0.000000000000000000 ) ) ;
#890 =( NAMED_UNIT ( * ) PLANE_ANGLE_UNIT ( ) SI_UNIT ( $, .RADIAN. ) );
#891 = EDGE_CURVE ( 'NONE', #1175, #1360, #735, .T. ) ;
#892 =( NAMED_UNIT ( * ) SI_UNIT ( $, .STERADIAN. ) SOLID_ANGLE_UNIT ( ) );
#893 = ADVANCED_FACE ( 'NONE', ( #131 ), #1256, .T. ) ;
#894 = DIRECTION ( 'NONE',  ( -0.7713892158398698573, 0.6363636363636366866, 0.000000000000000000 ) ) ;
#895 = ORIENTED_EDGE ( 'NONE', *, *, #1760, .T. ) ;
#896 = DIRECTION ( 'NONE',  ( 0.000000000000000000, 0.000000000000000000, -1.000000000000000000 ) ) ;
#897 = VECTOR ( 'NONE', #1093, 1000.000000000000000 ) ;
#898 = UNCERTAINTY_MEASURE_WITH_UNIT (LENGTH_MEASURE( 1.000000000000000082E-05 ), #637, 'distance_accuracy_value', 'NONE');
#899 = PRESENTATION_LAYER_ASSIGNMENT (  '', '', ( #1669 ) ) ;
#900 =( GEOMETRIC_REPRESENTATION_CONTEXT ( 3 ) GLOBAL_UNCERTAINTY_ASSIGNED_CONTEXT ( ( #305 ) ) GLOBAL_UNIT_ASSIGNED_CONTEXT ( ( #1716, #2231, #1294 ) ) REPRESENTATION_CONTEXT ( 'NONE', 'WORKASPACE' ) );
#901 = CIRCLE ( 'NONE', #684, 1.000000000000002665 ) ;
#902 = DIRECTION ( 'NONE',  ( -2.602085213965210642E-13, 0.000000000000000000, -1.000000000000000000 ) ) ;
#903 = STYLED_ITEM ( 'NONE', ( #1719 ), #2351 ) ;
#904 = ADVANCED_FACE ( 'NONE', ( #1652 ), #699, .T. ) ;
#905 = AXIS2_PLACEMENT_3D ( 'NONE', #1748, #392, #1 ) ;
#906 = DIRECTION ( 'NONE',  ( 0.000000000000000000, 0.000000000000000000, -1.000000000000000000 ) ) ;
#907 = FILL_AREA_STYLE_COLOUR ( '', #2103 ) ;
#908 = FACE_OUTER_BOUND ( 'NONE', #1780, .T. ) ;
#909 = ORIENTED_EDGE ( 'NONE', *, *, #1019, .F. ) ;
#910 = DIRECTION ( 'NONE',  ( -1.000000000000000000, 0.000000000000000000, 0.000000000000000000 ) ) ;
#911 = ORIENTED_EDGE ( 'NONE', *, *, #1196, .F. ) ;
#912 = CARTESIAN_POINT ( 'NONE',  ( -4.270504732119704272, -3.500000000000000000, 3.500000000000000000 ) ) ;
#913 =( NAMED_UNIT ( * ) PLANE_ANGLE_UNIT ( ) SI_UNIT ( $, .RADIAN. ) );
#914 = CLOSED_SHELL ( 'NONE', ( #904, #1505, #237, #76, #608, #1041, #418, #1635, #752, #2351, #1753, #1591, #1461, #1015, #807, #2121, #1402, #2055, #2035, #829, #2172, #1157, #108, #1924, #99, #1545, #2107, #1209, #490, #1993, #528, #625, #1685, #1425, #893, #819, #1091, #1842, #1420, #2292, #1817, #621, #309, #2383, #2198, #1795, #2140, #1774, #509, #686, #1814, #1352, #1357 ) ) ;
#915 =( NAMED_UNIT ( * ) SI_UNIT ( $, .STERADIAN. ) SOLID_ANGLE_UNIT ( ) );
#916 = EDGE_CURVE ( 'NONE', #1156, #1694, #2011, .T. ) ;
#917 = LINE ( 'NONE', #704, #1217 ) ;
#918 = VERTEX_POINT ( 'NONE', #11 ) ;
#919 = CARTESIAN_POINT ( 'NONE',  ( -7.750000000000000888, 1.499999999999986233, 2.899999999999999911 ) ) ;
#920 = FILL_AREA_STYLE ('',( #1161 ) ) ;
#921 = ORIENTED_EDGE ( 'NONE', *, *, #1850, .T. ) ;
#922 = FACE_OUTER_BOUND ( 'NONE', #556, .T. ) ;
#923 = EDGE_CURVE ( 'NONE', #221, #345, #446, .T. ) ;
#924 = DIRECTION ( 'NONE',  ( 0.000000000000000000, 0.000000000000000000, -1.000000000000000000 ) ) ;
#925 = ORIENTED_EDGE ( 'NONE', *, *, #2029, .T. ) ;
#926 = UNCERTAINTY_MEASURE_WITH_UNIT (LENGTH_MEASURE( 1.000000000000000082E-05 ), #2079, 'distance_accuracy_value', 'NONE');
#927 = SURFACE_STYLE_USAGE ( .BOTH. , #30 ) ;
#928 = PRESENTATION_STYLE_ASSIGNMENT (( #792 ) ) ;
#929 = CARTESIAN_POINT ( 'NONE',  ( 1.700000000000000178, 0.000000000000000000, 7.500000000000000000 ) ) ;
#930 = UNCERTAINTY_MEASURE_WITH_UNIT (LENGTH_MEASURE( 1.000000000000000082E-05 ), #1800, 'distance_accuracy_value', 'NONE');
#931 = ORIENTED_EDGE ( 'NONE', *, *, #1503, .T. ) ;
#932 = CIRCLE ( 'NONE', #1856, 0.5000000000000001110 ) ;
#933 = DIRECTION ( 'NONE',  ( -1.000000000000000000, 0.000000000000000000, 0.000000000000000000 ) ) ;
#934 = DIRECTION ( 'NONE',  ( 1.000000000000000000, 8.673617379884035472E-16, -0.000000000000000000 ) ) ;
#935 = ORIENTED_EDGE ( 'NONE', *, *, #572, .T. ) ;
#936 = DIRECTION ( 'NONE',  ( 1.000000000000000000, 0.000000000000000000, 0.000000000000000000 ) ) ;
#937 = CARTESIAN_POINT ( 'NONE',  ( -12.25000000000000000, -1.224646799147346551E-16, 3.100000000000000089 ) ) ;
#938 = PRESENTATION_LAYER_ASSIGNMENT (  '', '', ( #1477 ) ) ;
#939 = VERTEX_POINT ( 'NONE', #417 ) ;
#940 =( GEOMETRIC_REPRESENTATION_CONTEXT ( 3 ) GLOBAL_UNCERTAINTY_ASSIGNED_CONTEXT ( ( #648 ) ) GLOBAL_UNIT_ASSIGNED_CONTEXT ( ( #1224, #471, #80 ) ) REPRESENTATION_CONTEXT ( 'NONE', 'WORKASPACE' ) );
#941 =( LENGTH_UNIT ( ) NAMED_UNIT ( * ) SI_UNIT ( .MILLI., .METRE. ) );
#942 =( LENGTH_UNIT ( ) NAMED_UNIT ( * ) SI_UNIT ( .MILLI., .METRE. ) );
#943 = PRESENTATION_LAYER_ASSIGNMENT (  '', '', ( #993 ) ) ;
#944 =( NAMED_UNIT ( * ) PLANE_ANGLE_UNIT ( ) SI_UNIT ( $, .RADIAN. ) );
#945 = VECTOR ( 'NONE', #956, 1000.000000000000000 ) ;
#946 = PRESENTATION_LAYER_ASSIGNMENT (  '', '', ( #756 ) ) ;
#947 = DIRECTION ( 'NONE',  ( -1.000000000000000000, -1.445602896647339410E-16, 0.000000000000000000 ) ) ;
#948 = ORIENTED_EDGE ( 'NONE', *, *, #572, .F. ) ;
#949 = STYLED_ITEM ( 'NONE', ( #283 ), #1842 ) ;
#950 = ORIENTED_EDGE ( 'NONE', *, *, #1584, .T. ) ;
#951 = AXIS2_PLACEMENT_3D ( 'NONE', #155, #1270, #2190 ) ;
#952 = COLOUR_RGB ( '',0.2509803921568627416, 0.2509803921568627416, 0.2509803921568627416 ) ;
#953 = CARTESIAN_POINT ( 'NONE',  ( 4.270504732119705160, -4.000000000000000000, 3.500000000000000000 ) ) ;
#954 = SURFACE_STYLE_FILL_AREA ( #263 ) ;
#955 = EDGE_CURVE ( 'NONE', #1520, #1078, #544, .T. ) ;
#956 = DIRECTION ( 'NONE',  ( -0.000000000000000000, -0.000000000000000000, 1.000000000000000000 ) ) ;
#957 = EDGE_LOOP ( 'NONE', ( #1190, #1972, #571, #599 ) ) ;
#958 = DIRECTION ( 'NONE',  ( -1.000000000000000000, 0.000000000000000000, 0.000000000000000000 ) ) ;
#959 =( NAMED_UNIT ( * ) SI_UNIT ( $, .STERADIAN. ) SOLID_ANGLE_UNIT ( ) );
#960 = SURFACE_SIDE_STYLE ('',( #469 ) ) ;
#961 = UNCERTAINTY_MEASURE_WITH_UNIT (LENGTH_MEASURE( 1.000000000000000082E-05 ), #2173, 'distance_accuracy_value', 'NONE');
#962 = SURFACE_STYLE_FILL_AREA ( #1501 ) ;
#963 = EDGE_LOOP ( 'NONE', ( #748, #2160, #744, #1096 ) ) ;
#964 = ORIENTED_EDGE ( 'NONE', *, *, #487, .F. ) ;
#965 = FILL_AREA_STYLE ('',( #998 ) ) ;
#966 = CARTESIAN_POINT ( 'NONE',  ( -0.02786404500041902987, 0.000000000000000000, 3.500000000000000000 ) ) ;
#967 = CARTESIAN_POINT ( 'NONE',  ( -4.499999999999998224, -4.000000000000000000, 3.500000000000000000 ) ) ;
#968 = PRESENTATION_STYLE_ASSIGNMENT (( #199 ) ) ;
#969 = DIRECTION ( 'NONE',  ( 0.7713892158398698573, -0.6363636363636366866, -2.602085213965212219E-15 ) ) ;
#970 = SURFACE_SIDE_STYLE ('',( #2119 ) ) ;
#971 = ORIENTED_EDGE ( 'NONE', *, *, #1928, .T. ) ;
#972 = SURFACE_STYLE_FILL_AREA ( #1365 ) ;
#973 = DIRECTION ( 'NONE',  ( -1.000000000000000000, 0.000000000000000000, 0.000000000000000000 ) ) ;
#974 = VECTOR ( 'NONE', #600, 1000.000000000000000 ) ;
#975 =( GEOMETRIC_REPRESENTATION_CONTEXT ( 3 ) GLOBAL_UNCERTAINTY_ASSIGNED_CONTEXT ( ( #277 ) ) GLOBAL_UNIT_ASSIGNED_CONTEXT ( ( #1564, #238, #1167 ) ) REPRESENTATION_CONTEXT ( 'NONE', 'WORKASPACE' ) );
#976 = CARTESIAN_POINT ( 'NONE',  ( -7.750000000000000888, 1.499999999999986233, 3.100000000000000089 ) ) ;
#977 = ORIENTED_EDGE ( 'NONE', *, *, #664, .F. ) ;
#978 = ORIENTED_EDGE ( 'NONE', *, *, #44, .F. ) ;
#979 = ORIENTED_EDGE ( 'NONE', *, *, #1928, .F. ) ;
#980 = AXIS2_PLACEMENT_3D ( 'NONE', #2176, #1430, #318 ) ;
#981 = LINE ( 'NONE', #1900, #1912 ) ;
#982 = ORIENTED_EDGE ( 'NONE', *, *, #1503, .F. ) ;
#983 = SURFACE_STYLE_USAGE ( .BOTH. , #247 ) ;
#984 = LINE ( 'NONE', #1495, #1830 ) ;
#985 = PRODUCT_DEFINITION ( 'UNKNOWN', '', #470, #1154 ) ;
#986 = CARTESIAN_POINT ( 'NONE',  ( 2.850000000000000089, 0.000000000000000000, 5.299999999999998934 ) ) ;
#987 = AXIS2_PLACEMENT_3D ( 'NONE', #2257, #2144, #473 ) ;
#988 = FILL_AREA_STYLE_COLOUR ( '', #434 ) ;
#989 = SURFACE_SIDE_STYLE ('',( #234 ) ) ;
#990 = FILL_AREA_STYLE_COLOUR ( '', #159 ) ;
#991 = FILL_AREA_STYLE ('',( #1895 ) ) ;
#992 = EDGE_CURVE ( 'NONE', #228, #1878, #224, .T. ) ;
#993 = STYLED_ITEM ( 'NONE', ( #2349 ), #1591 ) ;
#994 = CARTESIAN_POINT ( 'NONE',  ( -3.350000000000000089, 0.000000000000000000, 5.299999999999998934 ) ) ;
#995 = ORIENTED_EDGE ( 'NONE', *, *, #1614, .T. ) ;
#996 = ORIENTED_EDGE ( 'NONE', *, *, #2086, .T. ) ;
#997 = COLOUR_RGB ( '',0.6470588235294117974, 0.6196078431372549211, 0.5882352941176470784 ) ;
#998 = FILL_AREA_STYLE_COLOUR ( '', #1378 ) ;
#999 = ORIENTED_EDGE ( 'NONE', *, *, #1617, .T. ) ;
#1000 = FILL_AREA_STYLE ('',( #2089 ) ) ;
#1001 =( LENGTH_UNIT ( ) NAMED_UNIT ( * ) SI_UNIT ( .MILLI., .METRE. ) );
#1002 = COLOUR_RGB ( '',0.6470588235294117974, 0.6196078431372549211, 0.5882352941176470784 ) ;
#1003 = APPLICATION_PROTOCOL_DEFINITION ( 'draft international standard', 'automotive_design', 1998, #1447 ) ;
#1004 =( NAMED_UNIT ( * ) PLANE_ANGLE_UNIT ( ) SI_UNIT ( $, .RADIAN. ) );
#1005 = FILL_AREA_STYLE ('',( #486 ) ) ;
#1006 = CARTESIAN_POINT ( 'NONE',  ( 4.656199340039639090, -3.818181818181818343, 0.000000000000000000 ) ) ;
#1007 = CARTESIAN_POINT ( 'NONE',  ( -7.750000000000000888, -1.000000000000000000, 3.100000000000000089 ) ) ;
#1008 =( NAMED_UNIT ( * ) SI_UNIT ( $, .STERADIAN. ) SOLID_ANGLE_UNIT ( ) );
#1009 = EDGE_CURVE ( 'NONE', #1743, #1108, #1893, .T. ) ;
#1010 = LINE ( 'NONE', #2242, #135 ) ;
#1011 = ORIENTED_EDGE ( 'NONE', *, *, #2069, .F. ) ;
#1012 = DIRECTION ( 'NONE',  ( 1.000000000000000000, 0.000000000000000000, -0.000000000000000000 ) ) ;
#1013 = DIRECTION ( 'NONE',  ( -1.000000000000000000, 0.000000000000000000, 0.000000000000000000 ) ) ;
#1014 = SURFACE_SIDE_STYLE ('',( #268 ) ) ;
#1015 = ADVANCED_FACE ( 'NONE', ( #2040 ), #2227, .T. ) ;
#1016 = SURFACE_SIDE_STYLE ('',( #433 ) ) ;
#1017 = CYLINDRICAL_SURFACE ( 'NONE', #1331, 0.5000000000000000000 ) ;
#1018 = DIRECTION ( 'NONE',  ( 1.000000000000000000, 0.000000000000000000, 0.000000000000000000 ) ) ;
#1019 = EDGE_CURVE ( 'NONE', #2216, #2115, #1424, .T. ) ;
#1020 = FACE_OUTER_BOUND ( 'NONE', #1647, .T. ) ;
#1021 = MECHANICAL_DESIGN_GEOMETRIC_PRESENTATION_REPRESENTATION (  '', ( #1463 ), #1654 ) ;
#1022 = ORIENTED_EDGE ( 'NONE', *, *, #166, .F. ) ;
#1023 = SURFACE_STYLE_USAGE ( .BOTH. , #842 ) ;
#1024 = SURFACE_STYLE_FILL_AREA ( #654 ) ;
#1025 = LINE ( 'NONE', #2316, #2023 ) ;
#1026 =( LENGTH_UNIT ( ) NAMED_UNIT ( * ) SI_UNIT ( .MILLI., .METRE. ) );
#1027 = DIRECTION ( 'NONE',  ( -1.000000000000000000, 0.000000000000000000, 0.000000000000000000 ) ) ;
#1028 = SURFACE_SIDE_STYLE ('',( #78 ) ) ;
#1029 = AXIS2_PLACEMENT_3D ( 'NONE', #273, #1936, #1012 ) ;
#1030 = CARTESIAN_POINT ( 'NONE',  ( 7.750000000000000000, 1.999999999999998668, 3.100000000000000089 ) ) ;
#1031 = UNCERTAINTY_MEASURE_WITH_UNIT (LENGTH_MEASURE( 1.000000000000000082E-05 ), #1772, 'distance_accuracy_value', 'NONE');
#1032 = AXIS2_PLACEMENT_3D ( 'NONE', #2331, #1371, #89 ) ;
#1033 = VERTEX_POINT ( 'NONE', #1341 ) ;
#1034 = SURFACE_SIDE_STYLE ('',( #2335 ) ) ;
#1035 = PRESENTATION_LAYER_ASSIGNMENT (  '', '', ( #2260 ) ) ;
#1036 = STYLED_ITEM ( 'NONE', ( #1356 ), #1545 ) ;
#1037 = CARTESIAN_POINT ( 'NONE',  ( 12.25000000000000000, -1.000000000000002220, 3.100000000000000089 ) ) ;
#1038 = CARTESIAN_POINT ( 'NONE',  ( 7.249999999999999112, 1.999999999999998224, 2.899999999999999911 ) ) ;
#1039 = CARTESIAN_POINT ( 'NONE',  ( 4.656199340039639978, -3.818181818181818787, 4.000000000000000000 ) ) ;
#1040 = AXIS2_PLACEMENT_3D ( 'NONE', #1596, #2145, #1389 ) ;
#1041 = ADVANCED_FACE ( 'NONE', ( #2082 ), #1513, .T. ) ;
#1042 = VECTOR ( 'NONE', #333, 1000.000000000000000 ) ;
#1043 = PRESENTATION_LAYER_ASSIGNMENT (  '', '', ( #1452 ) ) ;
#1044 = CARTESIAN_POINT ( 'NONE',  ( 4.270504732119705160, -3.500000000000000000, 4.000000000000000000 ) ) ;
#1045 = EDGE_CURVE ( 'NONE', #1086, #219, #2289, .T. ) ;
#1046 = DIRECTION ( 'NONE',  ( 1.734723475976800192E-15, 1.000000000000000000, 0.000000000000000000 ) ) ;
#1047 = AXIS2_PLACEMENT_3D ( 'NONE', #1310, #2051, #2192 ) ;
#1048 = SURFACE_SIDE_STYLE ('',( #2287 ) ) ;
#1049 = VERTEX_POINT ( 'NONE', #1006 ) ;
#1050 = CARTESIAN_POINT ( 'NONE',  ( 7.249999999999999112, 1.999999999999997113, 3.100000000000000089 ) ) ;
#1051 =( NAMED_UNIT ( * ) PLANE_ANGLE_UNIT ( ) SI_UNIT ( $, .RADIAN. ) );
#1052 = DIRECTION ( 'NONE',  ( -1.000000000000000000, 0.000000000000000000, 0.000000000000000000 ) ) ;
#1053 = UNCERTAINTY_MEASURE_WITH_UNIT (LENGTH_MEASURE( 1.000000000000000082E-05 ), #2179, 'distance_accuracy_value', 'NONE');
#1054 = ORIENTED_EDGE ( 'NONE', *, *, #505, .F. ) ;
#1055 = FILL_AREA_STYLE ('',( #230 ) ) ;
#1056 = AXIS2_PLACEMENT_3D ( 'NONE', #348, #715, #321 ) ;
#1057 = SURFACE_STYLE_FILL_AREA ( #639 ) ;
#1058 = FILL_AREA_STYLE_COLOUR ( '', #952 ) ;
#1059 = PRESENTATION_STYLE_ASSIGNMENT (( #1766 ) ) ;
#1060 = CARTESIAN_POINT ( 'NONE',  ( -0.02786404500041902987, 3.500000000000000000, 4.000000000000000000 ) ) ;
#1061 = SURFACE_STYLE_USAGE ( .BOTH. , #726 ) ;
#1062 = ORIENTED_EDGE ( 'NONE', *, *, #1277, .F. ) ;
#1063 = MECHANICAL_DESIGN_GEOMETRIC_PRESENTATION_REPRESENTATION (  '', ( #1477 ), #827 ) ;
#1064 = COLOUR_RGB ( '',0.6470588235294117974, 0.6196078431372549211, 0.5882352941176470784 ) ;
#1065 =( GEOMETRIC_REPRESENTATION_CONTEXT ( 3 ) GLOBAL_UNCERTAINTY_ASSIGNED_CONTEXT ( ( #2042 ) ) GLOBAL_UNIT_ASSIGNED_CONTEXT ( ( #1644, #2352, #892 ) ) REPRESENTATION_CONTEXT ( 'NONE', 'WORKASPACE' ) );
#1066 = ORIENTED_EDGE ( 'NONE', *, *, #1112, .F. ) ;
#1067 = STYLED_ITEM ( 'NONE', ( #2041 ), #1461 ) ;
#1068 =( NAMED_UNIT ( * ) PLANE_ANGLE_UNIT ( ) SI_UNIT ( $, .RADIAN. ) );
#1069 = VERTEX_POINT ( 'NONE', #645 ) ;
#1070 = AXIS2_PLACEMENT_3D ( 'NONE', #1726, #1155, #1883 ) ;
#1071 = CARTESIAN_POINT ( 'NONE',  ( 0.000000000000000000, 0.000000000000000000, 5.799999999999999822 ) ) ;
#1072 = MECHANICAL_DESIGN_GEOMETRIC_PRESENTATION_REPRESENTATION (  '', ( #134 ), #1376 ) ;
#1073 = AXIS2_PLACEMENT_3D ( 'NONE', #1831, #1478, #1806 ) ;
#1074 =( GEOMETRIC_REPRESENTATION_CONTEXT ( 3 ) GLOBAL_UNCERTAINTY_ASSIGNED_CONTEXT ( ( #603 ) ) GLOBAL_UNIT_ASSIGNED_CONTEXT ( ( #1877, #1609, #1235 ) ) REPRESENTATION_CONTEXT ( 'NONE', 'WORKASPACE' ) );
#1075 =( GEOMETRIC_REPRESENTATION_CONTEXT ( 3 ) GLOBAL_UNCERTAINTY_ASSIGNED_CONTEXT ( ( #1870 ) ) GLOBAL_UNIT_ASSIGNED_CONTEXT ( ( #1918, #1353, #1178 ) ) REPRESENTATION_CONTEXT ( 'NONE', 'WORKASPACE' ) );
#1076 =( LENGTH_UNIT ( ) NAMED_UNIT ( * ) SI_UNIT ( .MILLI., .METRE. ) );
#1077 = CARTESIAN_POINT ( 'NONE',  ( -12.25000000000000000, -1.000000000000004663, 3.100000000000000089 ) ) ;
#1078 = VERTEX_POINT ( 'NONE', #1355 ) ;
#1079 = EDGE_CURVE ( 'NONE', #163, #53, #1930, .T. ) ;
#1080 = PRESENTATION_STYLE_ASSIGNMENT (( #10 ) ) ;
#1081 = FILL_AREA_STYLE_COLOUR ( '', #43 ) ;
#1082 = EDGE_CURVE ( 'NONE', #579, #1582, #1383, .T. ) ;
#1083 = PRESENTATION_STYLE_ASSIGNMENT (( #2211 ) ) ;
#1084 = AXIS2_PLACEMENT_3D ( 'NONE', #1152, #1528, #2268 ) ;
#1085 = DIRECTION ( 'NONE',  ( 0.000000000000000000, 0.000000000000000000, -1.000000000000000000 ) ) ;
#1086 = VERTEX_POINT ( 'NONE', #1908 ) ;
#1087 = FILL_AREA_STYLE_COLOUR ( '', #1173 ) ;
#1088 = VERTEX_POINT ( 'NONE', #1922 ) ;
#1089 = DIRECTION ( 'NONE',  ( -1.000000000000000000, -0.000000000000000000, -1.058181320345852328E-13 ) ) ;
#1090 = DIRECTION ( 'NONE',  ( 0.000000000000000000, 0.000000000000000000, -1.000000000000000000 ) ) ;
#1091 = ADVANCED_FACE ( 'NONE', ( #1733 ), #1017, .T. ) ;
#1092 = DIRECTION ( 'NONE',  ( 0.000000000000000000, 0.000000000000000000, -1.000000000000000000 ) ) ;
#1093 = DIRECTION ( 'NONE',  ( -0.000000000000000000, -0.000000000000000000, -1.000000000000000000 ) ) ;
#1094 = STYLED_ITEM ( 'NONE', ( #1574 ), #1420 ) ;
#1095 = FILL_AREA_STYLE ('',( #1818 ) ) ;
#1096 = ORIENTED_EDGE ( 'NONE', *, *, #1954, .T. ) ;
#1097 = CARTESIAN_POINT ( 'NONE',  ( 7.750000000000000000, 1.499999999999998668, 2.899999999999999911 ) ) ;
#1098 = ORIENTED_EDGE ( 'NONE', *, *, #850, .T. ) ;
#1099 = DIRECTION ( 'NONE',  ( 0.000000000000000000, 0.000000000000000000, 1.000000000000000000 ) ) ;
#1100 = CARTESIAN_POINT ( 'NONE',  ( 0.02786404500041989724, 0.000000000000000000, 3.100000000000000089 ) ) ;
#1101 = EDGE_CURVE ( 'NONE', #1892, #232, #375, .T. ) ;
#1102 = AXIS2_PLACEMENT_3D ( 'NONE', #1544, #2300, #1018 ) ;
#1103 = CARTESIAN_POINT ( 'NONE',  ( -7.250000000000000888, 1.999999999999998668, 3.100000000000000089 ) ) ;
#1104 =( NAMED_UNIT ( * ) SI_UNIT ( $, .STERADIAN. ) SOLID_ANGLE_UNIT ( ) );
#1105 = COLOUR_RGB ( '',0.2509803921568627416, 0.2509803921568627416, 0.2509803921568627416 ) ;
#1106 = FACE_OUTER_BOUND ( 'NONE', #963, .T. ) ;
#1107 = EDGE_CURVE ( 'NONE', #918, #721, #217, .T. ) ;
#1108 = VERTEX_POINT ( 'NONE', #382 ) ;
#1109 = ORIENTED_EDGE ( 'NONE', *, *, #79, .T. ) ;
#1110 = CARTESIAN_POINT ( 'NONE',  ( -12.25000000000000000, 1.000000000000001776, 3.100000000000000089 ) ) ;
#1111 = ORIENTED_EDGE ( 'NONE', *, *, #2134, .T. ) ;
#1112 = EDGE_CURVE ( 'NONE', #533, #1953, #1610, .T. ) ;
#1113 = PRESENTATION_STYLE_ASSIGNMENT (( #2369 ) ) ;
#1114 = DIRECTION ( 'NONE',  ( -1.000000000000000000, -0.000000000000000000, -0.000000000000000000 ) ) ;
#1115 = ORIENTED_EDGE ( 'NONE', *, *, #2378, .T. ) ;
#1116 = LINE ( 'NONE', #182, #2215 ) ;
#1117 = SURFACE_STYLE_FILL_AREA ( #31 ) ;
#1118 = PLANE ( 'NONE',  #1861 ) ;
#1119 =( NAMED_UNIT ( * ) SI_UNIT ( $, .STERADIAN. ) SOLID_ANGLE_UNIT ( ) );
#1120 = CARTESIAN_POINT ( 'NONE',  ( -6.027864045000418614, 0.000000000000000000, 3.100000000000000089 ) ) ;
#1121 = DIRECTION ( 'NONE',  ( 0.000000000000000000, 0.000000000000000000, -1.000000000000000000 ) ) ;
#1122 = SURFACE_SIDE_STYLE ('',( #1657 ) ) ;
#1123 = VERTEX_POINT ( 'NONE', #1260 ) ;
#1124 = UNCERTAINTY_MEASURE_WITH_UNIT (LENGTH_MEASURE( 1.000000000000000082E-05 ), #941, 'distance_accuracy_value', 'NONE');
#1125 = ORIENTED_EDGE ( 'NONE', *, *, #1932, .F. ) ;
#1126 = DIRECTION ( 'NONE',  ( 0.000000000000000000, 0.000000000000000000, 1.000000000000000000 ) ) ;
#1127 = UNCERTAINTY_MEASURE_WITH_UNIT (LENGTH_MEASURE( 1.000000000000000082E-05 ), #1292, 'distance_accuracy_value', 'NONE');
#1128 = CARTESIAN_POINT ( 'NONE',  ( -7.250000000000001776, -2.000000000000000444, 3.100000000000000089 ) ) ;
#1129 = ORIENTED_EDGE ( 'NONE', *, *, #2025, .T. ) ;
#1130 = ORIENTED_EDGE ( 'NONE', *, *, #2286, .T. ) ;
#1131 = VECTOR ( 'NONE', #1506, 1000.000000000000000 ) ;
#1132 = PLANE ( 'NONE',  #1754 ) ;
#1133 = DIRECTION ( 'NONE',  ( 8.673617379884035472E-16, 1.000000000000000000, -0.000000000000000000 ) ) ;
#1134 = LINE ( 'NONE', #23, #1787 ) ;
#1135 = DIRECTION ( 'NONE',  ( -1.000000000000000000, 0.000000000000000000, 0.000000000000000000 ) ) ;
#1136 =( GEOMETRIC_REPRESENTATION_CONTEXT ( 3 ) GLOBAL_UNCERTAINTY_ASSIGNED_CONTEXT ( ( #1556 ) ) GLOBAL_UNIT_ASSIGNED_CONTEXT ( ( #1585, #1770, #1381 ) ) REPRESENTATION_CONTEXT ( 'NONE', 'WORKASPACE' ) );
#1137 = VERTEX_POINT ( 'NONE', #745 ) ;
#1138 =( GEOMETRIC_REPRESENTATION_CONTEXT ( 3 ) GLOBAL_UNCERTAINTY_ASSIGNED_CONTEXT ( ( #1031 ) ) GLOBAL_UNIT_ASSIGNED_CONTEXT ( ( #1772, #1205, #1393 ) ) REPRESENTATION_CONTEXT ( 'NONE', 'WORKASPACE' ) );
#1139 = FILL_AREA_STYLE_COLOUR ( '', #1832 ) ;
#1140 = STYLED_ITEM ( 'NONE', ( #502 ), #2055 ) ;
#1141 =( GEOMETRIC_REPRESENTATION_CONTEXT ( 3 ) GLOBAL_UNCERTAINTY_ASSIGNED_CONTEXT ( ( #8 ) ) GLOBAL_UNIT_ASSIGNED_CONTEXT ( ( #652, #1902, #2116 ) ) REPRESENTATION_CONTEXT ( 'NONE', 'WORKASPACE' ) );
#1142 = FILL_AREA_STYLE ('',( #1607 ) ) ;
#1143 = AXIS2_PLACEMENT_3D ( 'NONE', #395, #1876, #969 ) ;
#1144 = AXIS2_PLACEMENT_3D ( 'NONE', #2193, #386, #1995 ) ;
#1145 = ORIENTED_EDGE ( 'NONE', *, *, #1409, .F. ) ;
#1146 = AXIS2_PLACEMENT_3D ( 'NONE', #1630, #1468, #543 ) ;
#1147 = STYLED_ITEM ( 'NONE', ( #1862 ), #1814 ) ;
#1148 = DIRECTION ( 'NONE',  ( -0.000000000000000000, -0.000000000000000000, -1.000000000000000000 ) ) ;
#1149 = SURFACE_STYLE_USAGE ( .BOTH. , #970 ) ;
#1150 = ORIENTED_EDGE ( 'NONE', *, *, #723, .T. ) ;
#1151 = SURFACE_STYLE_USAGE ( .BOTH. , #1016 ) ;
#1152 = CARTESIAN_POINT ( 'NONE',  ( 0.000000000000000000, 0.000000000000000000, 5.799999999999999822 ) ) ;
#1153 = EDGE_CURVE ( 'NONE', #2115, #2216, #1192, .T. ) ;
#1154 = PRODUCT_DEFINITION_CONTEXT ( 'detailed design', #1696, 'design' ) ;
#1155 = DIRECTION ( 'NONE',  ( 0.000000000000000000, 0.000000000000000000, 1.000000000000000000 ) ) ;
#1156 = VERTEX_POINT ( 'NONE', #702 ) ;
#1157 = ADVANCED_FACE ( 'NONE', ( #2358 ), #190, .T. ) ;
#1158 = EDGE_LOOP ( 'NONE', ( #2234, #452, #1334 ) ) ;
#1159 = CARTESIAN_POINT ( 'NONE',  ( 12.25000000000000000, -1.224646799147346551E-16, 2.899999999999999911 ) ) ;
#1160 = ORIENTED_EDGE ( 'NONE', *, *, #122, .T. ) ;
#1161 = FILL_AREA_STYLE_COLOUR ( '', #685 ) ;
#1162 = DIRECTION ( 'NONE',  ( 1.000000000000000000, 0.000000000000000000, 0.000000000000000000 ) ) ;
#1163 = DIRECTION ( 'NONE',  ( 0.000000000000000000, 1.000000000000000000, 0.000000000000000000 ) ) ;
#1164 = CARTESIAN_POINT ( 'NONE',  ( -0.02786404500041902987, -3.500000000000000000, 4.000000000000000000 ) ) ;
#1165 = ORIENTED_EDGE ( 'NONE', *, *, #1855, .F. ) ;
#1166 = EDGE_CURVE ( 'NONE', #221, #1686, #529, .T. ) ;
#1167 =( NAMED_UNIT ( * ) SI_UNIT ( $, .STERADIAN. ) SOLID_ANGLE_UNIT ( ) );
#1168 = CARTESIAN_POINT ( 'NONE',  ( 4.270504732119705160, 3.500000000000000000, 0.000000000000000000 ) ) ;
#1169 = CARTESIAN_POINT ( 'NONE',  ( 0.000000000000000000, 0.000000000000000000, 7.500000000000000000 ) ) ;
#1170 = CARTESIAN_POINT ( 'NONE',  ( 7.750000000000000888, 0.9999999999999986677, 3.100000000000000089 ) ) ;
#1171 = ORIENTED_EDGE ( 'NONE', *, *, #1009, .F. ) ;
#1172 = ORIENTED_EDGE ( 'NONE', *, *, #558, .F. ) ;
#1173 = COLOUR_RGB ( '',0.2509803921568627416, 0.2509803921568627416, 0.2509803921568627416 ) ;
#1174 =( LENGTH_UNIT ( ) NAMED_UNIT ( * ) SI_UNIT ( .MILLI., .METRE. ) );
#1175 = VERTEX_POINT ( 'NONE', #1790 ) ;
#1176 = DIRECTION ( 'NONE',  ( -1.000000000000000000, 0.000000000000000000, 0.000000000000000000 ) ) ;
#1177 = CARTESIAN_POINT ( 'NONE',  ( 7.750000000000000000, 1.499999999999998668, 3.100000000000000089 ) ) ;
#1178 =( NAMED_UNIT ( * ) SI_UNIT ( $, .STERADIAN. ) SOLID_ANGLE_UNIT ( ) );
#1179 = PLANE ( 'NONE',  #1368 ) ;
#1180 = SURFACE_STYLE_USAGE ( .BOTH. , #2280 ) ;
#1181 = CARTESIAN_POINT ( 'NONE',  ( 2.200000000000000178, 2.694222958124177006E-16, 8.000000000000000000 ) ) ;
#1182 = EDGE_CURVE ( 'NONE', #246, #2087, #2073, .T. ) ;
#1183 =( GEOMETRIC_REPRESENTATION_CONTEXT ( 3 ) GLOBAL_UNCERTAINTY_ASSIGNED_CONTEXT ( ( #1053 ) ) GLOBAL_UNIT_ASSIGNED_CONTEXT ( ( #2179, #913, #722 ) ) REPRESENTATION_CONTEXT ( 'NONE', 'WORKASPACE' ) );
#1184 = CARTESIAN_POINT ( 'NONE',  ( -7.750000000000000888, -1.499999999999990896, 3.100000000000000089 ) ) ;
#1185 = PRESENTATION_STYLE_ASSIGNMENT (( #1314 ) ) ;
#1186 = CIRCLE ( 'NONE', #133, 0.5000000000000000000 ) ;
#1187 = STYLED_ITEM ( 'NONE', ( #3 ), #418 ) ;
#1188 = FACE_OUTER_BOUND ( 'NONE', #602, .T. ) ;
#1189 = EDGE_CURVE ( 'NONE', #243, #1137, #2203, .T. ) ;
#1190 = ORIENTED_EDGE ( 'NONE', *, *, #1079, .F. ) ;
#1191 = DIRECTION ( 'NONE',  ( 1.000000000000000000, -1.445602896647339410E-16, 0.000000000000000000 ) ) ;
#1192 = CIRCLE ( 'NONE', #1573, 2.850000000000000089 ) ;
#1193 = MECHANICAL_DESIGN_GEOMETRIC_PRESENTATION_REPRESENTATION (  '', ( #1985 ), #431 ) ;
#1194 = DIRECTION ( 'NONE',  ( 0.000000000000000000, 1.000000000000000000, 0.000000000000000000 ) ) ;
#1195 = DIRECTION ( 'NONE',  ( -0.000000000000000000, -0.000000000000000000, -1.000000000000000000 ) ) ;
#1196 = EDGE_CURVE ( 'NONE', #2334, #1694, #1282, .T. ) ;
#1197 = CARTESIAN_POINT ( 'NONE',  ( 0.02786404500041989724, 0.000000000000000000, 3.500000000000000000 ) ) ;
#1198 = DIRECTION ( 'NONE',  ( 0.000000000000000000, 0.000000000000000000, -1.000000000000000000 ) ) ;
#1199 = SURFACE_STYLE_FILL_AREA ( #2123 ) ;
#1200 = UNCERTAINTY_MEASURE_WITH_UNIT (LENGTH_MEASURE( 1.000000000000000082E-05 ), #570, 'distance_accuracy_value', 'NONE');
#1201 =( NAMED_UNIT ( * ) PLANE_ANGLE_UNIT ( ) SI_UNIT ( $, .RADIAN. ) );
#1202 = CARTESIAN_POINT ( 'NONE',  ( 4.270504732119706048, -4.000000000000000000, 4.000000000000000000 ) ) ;
#1203 = CARTESIAN_POINT ( 'NONE',  ( -7.750000000000000888, 1.499999999999986233, 3.100000000000000089 ) ) ;
#1204 = CARTESIAN_POINT ( 'NONE',  ( 7.750000000000000000, -1.500000000000004441, 3.100000000000000089 ) ) ;
#1205 =( NAMED_UNIT ( * ) PLANE_ANGLE_UNIT ( ) SI_UNIT ( $, .RADIAN. ) );
#1206 = STYLED_ITEM ( 'NONE', ( #1059 ), #686 ) ;
#1207 = STYLED_ITEM ( 'NONE', ( #66 ), #625 ) ;
#1208 = SURFACE_STYLE_USAGE ( .BOTH. , #2306 ) ;
#1209 = ADVANCED_FACE ( 'NONE', ( #922 ), #5, .T. ) ;
#1210 = FACE_OUTER_BOUND ( 'NONE', #2324, .T. ) ;
#1211 = CARTESIAN_POINT ( 'NONE',  ( -7.250000000000000888, -1.499999999999990896, 3.100000000000000089 ) ) ;
#1212 = EDGE_CURVE ( 'NONE', #232, #1892, #687, .T. ) ;
#1213 = SURFACE_STYLE_USAGE ( .BOTH. , #2311 ) ;
#1214 = UNCERTAINTY_MEASURE_WITH_UNIT (LENGTH_MEASURE( 1.000000000000000082E-05 ), #1001, 'distance_accuracy_value', 'NONE');
#1215 = CIRCLE ( 'NONE', #1751, 6.000000000000000000 ) ;
#1216 = CARTESIAN_POINT ( 'NONE',  ( 5.684718294492799195, -2.000000000000002220, 2.899999999999999911 ) ) ;
#1217 = VECTOR ( 'NONE', #551, 1000.000000000000000 ) ;
#1218 = MECHANICAL_DESIGN_GEOMETRIC_PRESENTATION_REPRESENTATION (  '', ( #2260 ), #1141 ) ;
#1219 = VECTOR ( 'NONE', #1234, 1000.000000000000000 ) ;
#1220 = PLANE ( 'NONE',  #1029 ) ;
#1221 = DIRECTION ( 'NONE',  ( -1.000000000000000000, -8.673617379884035472E-16, 0.000000000000000000 ) ) ;
#1222 = AXIS2_PLACEMENT_3D ( 'NONE', #1636, #553, #378 ) ;
#1223 = CARTESIAN_POINT ( 'NONE',  ( 7.749999999999999112, -2.000000000000003997, 2.899999999999999911 ) ) ;
#1224 =( LENGTH_UNIT ( ) NAMED_UNIT ( * ) SI_UNIT ( .MILLI., .METRE. ) );
#1225 = ORIENTED_EDGE ( 'NONE', *, *, #174, .T. ) ;
#1226 = EDGE_CURVE ( 'NONE', #1069, #232, #1134, .T. ) ;
#1227 = DIRECTION ( 'NONE',  ( 0.000000000000000000, 0.000000000000000000, -1.000000000000000000 ) ) ;
#1228 = VECTOR ( 'NONE', #1701, 1000.000000000000000 ) ;
#1229 = DIRECTION ( 'NONE',  ( 1.000000000000000000, 0.000000000000000000, 0.000000000000000000 ) ) ;
#1230 = LINE ( 'NONE', #2152, #1470 ) ;
#1231 =( NAMED_UNIT ( * ) PLANE_ANGLE_UNIT ( ) SI_UNIT ( $, .RADIAN. ) );
#1232 = DIRECTION ( 'NONE',  ( -1.000000000000000000, 1.011922027653137537E-15, 0.000000000000000000 ) ) ;
#1233 = ORIENTED_EDGE ( 'NONE', *, *, #1275, .F. ) ;
#1234 = DIRECTION ( 'NONE',  ( -1.000000000000000000, 1.284980352575412453E-16, -0.000000000000000000 ) ) ;
#1235 =( NAMED_UNIT ( * ) SI_UNIT ( $, .STERADIAN. ) SOLID_ANGLE_UNIT ( ) );
#1236 = ORIENTED_EDGE ( 'NONE', *, *, #1212, .T. ) ;
#1237 = DIRECTION ( 'NONE',  ( 0.000000000000000000, 0.000000000000000000, 1.000000000000000000 ) ) ;
#1238 = ORIENTED_EDGE ( 'NONE', *, *, #558, .T. ) ;
#1239 =( LENGTH_UNIT ( ) NAMED_UNIT ( * ) SI_UNIT ( .MILLI., .METRE. ) );
#1240 = SURFACE_STYLE_FILL_AREA ( #1752 ) ;
#1241 = CARTESIAN_POINT ( 'NONE',  ( 0.000000000000000000, 0.000000000000000000, 5.299999999999998934 ) ) ;
#1242 = EDGE_CURVE ( 'NONE', #1069, #2115, #762, .T. ) ;
#1243 = AXIS2_PLACEMENT_3D ( 'NONE', #393, #2244, #1563 ) ;
#1244 = AXIS2_PLACEMENT_3D ( 'NONE', #2370, #1090, #889 ) ;
#1245 = EDGE_CURVE ( 'NONE', #1465, #760, #661, .T. ) ;
#1246 = MECHANICAL_DESIGN_GEOMETRIC_PRESENTATION_REPRESENTATION (  '', ( #212 ), #523 ) ;
#1247 = CARTESIAN_POINT ( 'NONE',  ( -0.02786404500041902987, 0.000000000000000000, 3.500000000000000000 ) ) ;
#1248 = ORIENTED_EDGE ( 'NONE', *, *, #1850, .F. ) ;
#1249 = PRESENTATION_LAYER_ASSIGNMENT (  '', '', ( #903 ) ) ;
#1250 = PRESENTATION_STYLE_ASSIGNMENT (( #2162 ) ) ;
#1251 = FACE_OUTER_BOUND ( 'NONE', #841, .T. ) ;
#1252 = VECTOR ( 'NONE', #194, 1000.000000000000000 ) ;
#1253 = PRESENTATION_LAYER_ASSIGNMENT (  '', '', ( #340 ) ) ;
#1254 = AXIS2_PLACEMENT_3D ( 'NONE', #1798, #1443, #2006 ) ;
#1255 = LINE ( 'NONE', #1060, #2298 ) ;
#1256 = PLANE ( 'NONE',  #1056 ) ;
#1257 = FILL_AREA_STYLE_COLOUR ( '', #2336 ) ;
#1258 = CARTESIAN_POINT ( 'NONE',  ( 4.270504732119705160, -3.500000000000000000, 3.500000000000000000 ) ) ;
#1259 = ORIENTED_EDGE ( 'NONE', *, *, #1045, .T. ) ;
#1260 = CARTESIAN_POINT ( 'NONE',  ( -1.700000000000000178, 2.388061258337339136E-16, 8.000000000000000000 ) ) ;
#1261 = UNCERTAINTY_MEASURE_WITH_UNIT (LENGTH_MEASURE( 1.000000000000000082E-05 ), #1869, 'distance_accuracy_value', 'NONE');
#1262 = CARTESIAN_POINT ( 'NONE',  ( -5.527864045000418614, 0.000000000000000000, 3.500000000000000000 ) ) ;
#1263 = DIRECTION ( 'NONE',  ( 0.000000000000000000, 0.000000000000000000, -1.000000000000000000 ) ) ;
#1264 = CYLINDRICAL_SURFACE ( 'NONE', #1483, 0.5000000000000000000 ) ;
#1265 = CARTESIAN_POINT ( 'NONE',  ( 7.749999999999999112, -2.000000000000003997, 3.100000000000000089 ) ) ;
#1266 = EDGE_CURVE ( 'NONE', #1049, #2313, #54, .T. ) ;
#1267 = ORIENTED_EDGE ( 'NONE', *, *, #1855, .T. ) ;
#1268 = CARTESIAN_POINT ( 'NONE',  ( 2.200000000000000178, 2.694222958124177006E-16, 7.500000000000000000 ) ) ;
#1269 = ORIENTED_EDGE ( 'NONE', *, *, #923, .F. ) ;
#1270 = DIRECTION ( 'NONE',  ( 1.000000000000000000, 8.673617379884035472E-16, 0.000000000000000000 ) ) ;
#1271 = CARTESIAN_POINT ( 'NONE',  ( 5.684718294492800972, 1.999999999999997113, 3.100000000000000089 ) ) ;
#1272 = AXIS2_PLACEMENT_3D ( 'NONE', #344, #1237, #910 ) ;
#1273 = DIRECTION ( 'NONE',  ( -1.000000000000000000, 0.000000000000000000, 0.000000000000000000 ) ) ;
#1274 = FILL_AREA_STYLE_COLOUR ( '', #103 ) ;
#1275 = EDGE_CURVE ( 'NONE', #1298, #1175, #1702, .T. ) ;
#1276 = MECHANICAL_DESIGN_GEOMETRIC_PRESENTATION_REPRESENTATION (  '', ( #1094 ), #741 ) ;
#1277 = EDGE_CURVE ( 'NONE', #1835, #243, #2205, .T. ) ;
#1278 = CARTESIAN_POINT ( 'NONE',  ( -5.527864045000418614, 0.000000000000000000, 4.000000000000000000 ) ) ;
#1279 = ORIENTED_EDGE ( 'NONE', *, *, #322, .T. ) ;
#1280 =( NAMED_UNIT ( * ) SI_UNIT ( $, .STERADIAN. ) SOLID_ANGLE_UNIT ( ) );
#1281 = EDGE_LOOP ( 'NONE', ( #391, #2239, #701, #1966 ) ) ;
#1282 = LINE ( 'NONE', #1992, #2367 ) ;
#1283 = ORIENTED_EDGE ( 'NONE', *, *, #668, .F. ) ;
#1284 =( GEOMETRIC_REPRESENTATION_CONTEXT ( 3 ) GLOBAL_UNCERTAINTY_ASSIGNED_CONTEXT ( ( #1291 ) ) GLOBAL_UNIT_ASSIGNED_CONTEXT ( ( #1076, #185, #1119 ) ) REPRESENTATION_CONTEXT ( 'NONE', 'WORKASPACE' ) );
#1285 = SURFACE_SIDE_STYLE ('',( #2359 ) ) ;
#1286 = FILL_AREA_STYLE ('',( #2226 ) ) ;
#1287 = CARTESIAN_POINT ( 'NONE',  ( 0.000000000000000000, 0.000000000000000000, 5.799999999999999822 ) ) ;
#1288 = CIRCLE ( 'NONE', #567, 6.000000000000000000 ) ;
#1289 = CIRCLE ( 'NONE', #1680, 5.999999999999999112 ) ;
#1290 = DIRECTION ( 'NONE',  ( 1.000000000000000000, 0.000000000000000000, 0.000000000000000000 ) ) ;
#1291 = UNCERTAINTY_MEASURE_WITH_UNIT (LENGTH_MEASURE( 1.000000000000000082E-05 ), #1076, 'distance_accuracy_value', 'NONE');
#1292 =( LENGTH_UNIT ( ) NAMED_UNIT ( * ) SI_UNIT ( .MILLI., .METRE. ) );
#1293 = SURFACE_STYLE_FILL_AREA ( #706 ) ;
#1294 =( NAMED_UNIT ( * ) SI_UNIT ( $, .STERADIAN. ) SOLID_ANGLE_UNIT ( ) );
#1295 = CARTESIAN_POINT ( 'NONE',  ( 12.25000000000000000, 0.9999999999999993339, 3.100000000000000089 ) ) ;
#1296 =( NAMED_UNIT ( * ) SI_UNIT ( $, .STERADIAN. ) SOLID_ANGLE_UNIT ( ) );
#1297 = ORIENTED_EDGE ( 'NONE', *, *, #1045, .F. ) ;
#1298 = VERTEX_POINT ( 'NONE', #1539 ) ;
#1299 = FILL_AREA_STYLE_COLOUR ( '', #1589 ) ;
#1300 = SURFACE_STYLE_FILL_AREA ( #1312 ) ;
#1301 = SURFACE_SIDE_STYLE ('',( #962 ) ) ;
#1302 = EDGE_LOOP ( 'NONE', ( #2141, #1387, #1915, #1297 ) ) ;
#1303 = SURFACE_STYLE_FILL_AREA ( #965 ) ;
#1304 = CARTESIAN_POINT ( 'NONE',  ( -4.270504732119704272, -4.000000000000000000, 0.000000000000000000 ) ) ;
#1305 = LINE ( 'NONE', #967, #1228 ) ;
#1306 =( NAMED_UNIT ( * ) SI_UNIT ( $, .STERADIAN. ) SOLID_ANGLE_UNIT ( ) );
#1307 = AXIS2_PLACEMENT_3D ( 'NONE', #1168, #1879, #1722 ) ;
#1308 = ORIENTED_EDGE ( 'NONE', *, *, #146, .T. ) ;
#1309 = TOROIDAL_SURFACE ( 'NONE', #2350, 5.500000000000000000, 0.5000000000000000000 ) ;
#1310 = CARTESIAN_POINT ( 'NONE',  ( -1.700000000000000178, 2.081899558550500526E-16, 7.500000000000000000 ) ) ;
#1311 = DIRECTION ( 'NONE',  ( 0.000000000000000000, -0.000000000000000000, -1.000000000000000000 ) ) ;
#1312 = FILL_AREA_STYLE ('',( #575 ) ) ;
#1313 = UNCERTAINTY_MEASURE_WITH_UNIT (LENGTH_MEASURE( 1.000000000000000082E-05 ), #764, 'distance_accuracy_value', 'NONE');
#1314 = SURFACE_STYLE_USAGE ( .BOTH. , #1301 ) ;
#1315 = ORIENTED_EDGE ( 'NONE', *, *, #2208, .F. ) ;
#1316 = MECHANICAL_DESIGN_GEOMETRIC_PRESENTATION_REPRESENTATION (  '', ( #1660 ), #9 ) ;
#1317 = DIRECTION ( 'NONE',  ( 0.000000000000000000, 0.000000000000000000, 1.000000000000000000 ) ) ;
#1318 = SURFACE_SIDE_STYLE ('',( #954 ) ) ;
#1319 = EDGE_CURVE ( 'NONE', #1069, #2252, #705, .T. ) ;
#1320 = FILL_AREA_STYLE ('',( #559 ) ) ;
#1321 = CARTESIAN_POINT ( 'NONE',  ( -7.250000000000000888, -1.499999999999990896, 3.100000000000000089 ) ) ;
#1322 = ORIENTED_EDGE ( 'NONE', *, *, #1708, .F. ) ;
#1323 = FACE_OUTER_BOUND ( 'NONE', #201, .T. ) ;
#1324 = DIRECTION ( 'NONE',  ( -0.000000000000000000, -0.000000000000000000, -1.000000000000000000 ) ) ;
#1325 = EDGE_CURVE ( 'NONE', #243, #918, #809, .T. ) ;
#1326 = MECHANICAL_DESIGN_GEOMETRIC_PRESENTATION_REPRESENTATION (  '', ( #1947 ), #1863 ) ;
#1327 = ORIENTED_EDGE ( 'NONE', *, *, #801, .T. ) ;
#1328 = CARTESIAN_POINT ( 'NONE',  ( 12.25000000000000000, 0.9999999999999993339, 3.100000000000000089 ) ) ;
#1329 = ORIENTED_EDGE ( 'NONE', *, *, #1875, .T. ) ;
#1330 = MECHANICAL_DESIGN_GEOMETRIC_PRESENTATION_REPRESENTATION (  '', ( #2270 ), #499 ) ;
#1331 = AXIS2_PLACEMENT_3D ( 'NONE', #156, #2218, #896 ) ;
#1332 = PRESENTATION_LAYER_ASSIGNMENT (  '', '', ( #2304 ) ) ;
#1333 =( NAMED_UNIT ( * ) PLANE_ANGLE_UNIT ( ) SI_UNIT ( $, .RADIAN. ) );
#1334 = ORIENTED_EDGE ( 'NONE', *, *, #2353, .F. ) ;
#1335 = DIRECTION ( 'NONE',  ( 1.000000000000000000, 0.000000000000000000, 0.000000000000000000 ) ) ;
#1336 = LINE ( 'NONE', #746, #496 ) ;
#1337 = PRESENTATION_STYLE_ASSIGNMENT (( #475 ) ) ;
#1338 = VERTEX_POINT ( 'NONE', #1849 ) ;
#1339 = ORIENTED_EDGE ( 'NONE', *, *, #1189, .F. ) ;
#1340 = FACE_OUTER_BOUND ( 'NONE', #491, .T. ) ;
#1341 = CARTESIAN_POINT ( 'NONE',  ( -5.684718294492798307, -2.000000000000000444, 3.100000000000000089 ) ) ;
#1342 = AXIS2_PLACEMENT_3D ( 'NONE', #1838, #158, #1273 ) ;
#1343 = CARTESIAN_POINT ( 'NONE',  ( 7.749999999999999112, -2.000000000000003997, 3.100000000000000089 ) ) ;
#1344 = UNCERTAINTY_MEASURE_WITH_UNIT (LENGTH_MEASURE( 1.000000000000000082E-05 ), #1975, 'distance_accuracy_value', 'NONE');
#1345 = LINE ( 'NONE', #1170, #1374 ) ;
#1346 = ORIENTED_EDGE ( 'NONE', *, *, #1107, .F. ) ;
#1347 = ORIENTED_EDGE ( 'NONE', *, *, #442, .F. ) ;
#1348 = DIRECTION ( 'NONE',  ( 0.000000000000000000, 0.000000000000000000, 1.000000000000000000 ) ) ;
#1349 = ORIENTED_EDGE ( 'NONE', *, *, #1101, .F. ) ;
#1350 = DIRECTION ( 'NONE',  ( -0.000000000000000000, -0.000000000000000000, -1.000000000000000000 ) ) ;
#1351 = DIRECTION ( 'NONE',  ( 1.000000000000000000, 1.445602896647339410E-16, -0.000000000000000000 ) ) ;
#1352 = ADVANCED_FACE ( 'NONE', ( #51 ), #1599, .T. ) ;
#1353 =( NAMED_UNIT ( * ) PLANE_ANGLE_UNIT ( ) SI_UNIT ( $, .RADIAN. ) );
#1354 = SURFACE_STYLE_FILL_AREA ( #2248 ) ;
#1355 = CARTESIAN_POINT ( 'NONE',  ( 4.656199340039639090, 3.818181818181818343, 0.000000000000000000 ) ) ;
#1356 = PRESENTATION_STYLE_ASSIGNMENT (( #1693 ) ) ;
#1357 = ADVANCED_FACE ( 'NONE', ( #233 ), #2008, .T. ) ;
#1358 = FACE_OUTER_BOUND ( 'NONE', #1692, .T. ) ;
#1359 = SURFACE_SIDE_STYLE ('',( #1303 ) ) ;
#1360 = VERTEX_POINT ( 'NONE', #1037 ) ;
#1361 = LINE ( 'NONE', #83, #1755 ) ;
#1362 =( NAMED_UNIT ( * ) PLANE_ANGLE_UNIT ( ) SI_UNIT ( $, .RADIAN. ) );
#1363 = PRESENTATION_STYLE_ASSIGNMENT (( #2288 ) ) ;
#1364 = CARTESIAN_POINT ( 'NONE',  ( -7.750000000000000000, 1.999999999999998668, 3.100000000000000089 ) ) ;
#1365 = FILL_AREA_STYLE ('',( #990 ) ) ;
#1366 = CARTESIAN_POINT ( 'NONE',  ( -13.25000000000000355, -1.224646799147346551E-16, 3.100000000000000089 ) ) ;
#1367 = ADVANCED_BREP_SHAPE_REPRESENTATION ( 'Push Button GrabCad', ( #1997, #308 ), #839 ) ;
#1368 = AXIS2_PLACEMENT_3D ( 'NONE', #1598, #1399, #1221 ) ;
#1369 = STYLED_ITEM ( 'NONE', ( #301 ), #819 ) ;
#1370 = PLANE ( 'NONE',  #1637 ) ;
#1371 = DIRECTION ( 'NONE',  ( 1.224646799147353207E-16, 1.000000000000000000, -0.000000000000000000 ) ) ;
#1372 = MECHANICAL_DESIGN_GEOMETRIC_PRESENTATION_REPRESENTATION (  '', ( #15 ), #566 ) ;
#1373 = VECTOR ( 'NONE', #1232, 1000.000000000000000 ) ;
#1374 = VECTOR ( 'NONE', #1857, 1000.000000000000000 ) ;
#1375 = AXIS2_PLACEMENT_3D ( 'NONE', #1866, #223, #1311 ) ;
#1376 =( GEOMETRIC_REPRESENTATION_CONTEXT ( 3 ) GLOBAL_UNCERTAINTY_ASSIGNED_CONTEXT ( ( #1200 ) ) GLOBAL_UNIT_ASSIGNED_CONTEXT ( ( #570, #2033, #1280 ) ) REPRESENTATION_CONTEXT ( 'NONE', 'WORKASPACE' ) );
#1377 = SURFACE_STYLE_FILL_AREA ( #1604 ) ;
#1378 = COLOUR_RGB ( '',0.6470588235294117974, 0.6196078431372549211, 0.5882352941176470784 ) ;
#1379 = AXIS2_PLACEMENT_3D ( 'NONE', #366, #1810, #1823 ) ;
#1380 =( GEOMETRIC_REPRESENTATION_CONTEXT ( 3 ) GLOBAL_UNCERTAINTY_ASSIGNED_CONTEXT ( ( #14 ) ) GLOBAL_UNIT_ASSIGNED_CONTEXT ( ( #2263, #1004, #64 ) ) REPRESENTATION_CONTEXT ( 'NONE', 'WORKASPACE' ) );
#1381 =( NAMED_UNIT ( * ) SI_UNIT ( $, .STERADIAN. ) SOLID_ANGLE_UNIT ( ) );
#1382 = SURFACE_STYLE_USAGE ( .BOTH. , #2267 ) ;
#1383 = LINE ( 'NONE', #1366, #105 ) ;
#1384 = FACE_OUTER_BOUND ( 'NONE', #1558, .T. ) ;
#1385 = EDGE_CURVE ( 'NONE', #613, #1088, #90, .T. ) ;
#1386 = UNCERTAINTY_MEASURE_WITH_UNIT (LENGTH_MEASURE( 1.000000000000000082E-05 ), #698, 'distance_accuracy_value', 'NONE');
#1387 = ORIENTED_EDGE ( 'NONE', *, *, #801, .F. ) ;
#1388 = PRESENTATION_STYLE_ASSIGNMENT (( #125 ) ) ;
#1389 = DIRECTION ( 'NONE',  ( -1.000000000000000000, 0.000000000000000000, 0.000000000000000000 ) ) ;
#1390 = SURFACE_STYLE_USAGE ( .BOTH. , #2136 ) ;
#1391 = DIRECTION ( 'NONE',  ( -1.000000000000000000, 0.000000000000000000, 0.000000000000000000 ) ) ;
#1392 = DIRECTION ( 'NONE',  ( -1.000000000000000000, 0.000000000000000000, 0.000000000000000000 ) ) ;
#1393 =( NAMED_UNIT ( * ) SI_UNIT ( $, .STERADIAN. ) SOLID_ANGLE_UNIT ( ) );
#1394 = VECTOR ( 'NONE', #1198, 1000.000000000000000 ) ;
#1395 = ORIENTED_EDGE ( 'NONE', *, *, #402, .F. ) ;
#1396 = PLANE ( 'NONE',  #651 ) ;
#1397 = FILL_AREA_STYLE ('',( #310 ) ) ;
#1398 =( LENGTH_UNIT ( ) NAMED_UNIT ( * ) SI_UNIT ( .MILLI., .METRE. ) );
#1399 = DIRECTION ( 'NONE',  ( -8.673617379884035472E-16, 1.000000000000000000, 0.000000000000000000 ) ) ;
#1400 = AXIS2_PLACEMENT_3D ( 'NONE', #774, #1121, #615 ) ;
#1401 = LINE ( 'NONE', #507, #546 ) ;
#1402 = ADVANCED_FACE ( 'NONE', ( #493 ), #1220, .T. ) ;
#1403 = SURFACE_STYLE_USAGE ( .BOTH. , #676 ) ;
#1404 = ORIENTED_EDGE ( 'NONE', *, *, #1954, .F. ) ;
#1405 =( GEOMETRIC_REPRESENTATION_CONTEXT ( 3 ) GLOBAL_UNCERTAINTY_ASSIGNED_CONTEXT ( ( #2271 ) ) GLOBAL_UNIT_ASSIGNED_CONTEXT ( ( #1967, #325, #1925 ) ) REPRESENTATION_CONTEXT ( 'NONE', 'WORKASPACE' ) );
#1406 = CIRCLE ( 'NONE', #713, 0.5000000000000000000 ) ;
#1407 = PRESENTATION_STYLE_ASSIGNMENT (( #843 ) ) ;
#1408 = SURFACE_SIDE_STYLE ('',( #1938 ) ) ;
#1409 = EDGE_CURVE ( 'NONE', #161, #1686, #932, .T. ) ;
#1410 = COLOUR_RGB ( '',0.7921568627450980005, 0.8196078431372548767, 0.9333333333333333481 ) ;
#1411 = FACE_OUTER_BOUND ( 'NONE', #1991, .T. ) ;
#1412 =( NAMED_UNIT ( * ) SI_UNIT ( $, .STERADIAN. ) SOLID_ANGLE_UNIT ( ) );
#1413 = FACE_OUTER_BOUND ( 'NONE', #38, .T. ) ;
#1414 = ORIENTED_EDGE ( 'NONE', *, *, #448, .F. ) ;
#1415 = SURFACE_STYLE_USAGE ( .BOTH. , #1034 ) ;
#1416 = AXIS2_PLACEMENT_3D ( 'NONE', #1504, #1317, #1162 ) ;
#1417 = FACE_OUTER_BOUND ( 'NONE', #451, .T. ) ;
#1418 = SURFACE_STYLE_USAGE ( .BOTH. , #2127 ) ;
#1419 = CARTESIAN_POINT ( 'NONE',  ( 7.250000000000000000, -1.500000000000003553, 3.100000000000000089 ) ) ;
#1420 = ADVANCED_FACE ( 'NONE', ( #280 ), #738, .T. ) ;
#1421 = DIRECTION ( 'NONE',  ( 1.000000000000000000, 0.000000000000000000, 0.000000000000000000 ) ) ;
#1422 = LINE ( 'NONE', #489, #1670 ) ;
#1423 = CARTESIAN_POINT ( 'NONE',  ( -5.684718294492801860, -1.999999999999992228, 2.899999999999999911 ) ) ;
#1424 = CIRCLE ( 'NONE', #278, 2.850000000000000089 ) ;
#1425 = ADVANCED_FACE ( 'NONE', ( #818 ), #1118, .T. ) ;
#1426 = FILL_AREA_STYLE ('',( #1816 ) ) ;
#1427 = PRESENTATION_LAYER_ASSIGNMENT (  '', '', ( #2156 ) ) ;
#1428 = EDGE_CURVE ( 'NONE', #2368, #45, #1406, .T. ) ;
#1429 = ORIENTED_EDGE ( 'NONE', *, *, #122, .F. ) ;
#1430 = DIRECTION ( 'NONE',  ( -0.000000000000000000, -0.000000000000000000, -1.000000000000000000 ) ) ;
#1431 = ORIENTED_EDGE ( 'NONE', *, *, #826, .T. ) ;
#1432 = CARTESIAN_POINT ( 'NONE',  ( 7.249999999999999112, 1.499999999999998224, 3.100000000000000089 ) ) ;
#1433 = COLOUR_RGB ( '',1.000000000000000000, 0.000000000000000000, 0.000000000000000000 ) ;
#1434 = VECTOR ( 'NONE', #466, 1000.000000000000000 ) ;
#1435 = SURFACE_SIDE_STYLE ('',( #2363 ) ) ;
#1436 = VECTOR ( 'NONE', #2191, 1000.000000000000000 ) ;
#1437 = VECTOR ( 'NONE', #2251, 1000.000000000000000 ) ;
#1438 = STYLED_ITEM ( 'NONE', ( #749 ), #509 ) ;
#1439 = PRESENTATION_LAYER_ASSIGNMENT (  '', '', ( #1067 ) ) ;
#1440 = DIRECTION ( 'NONE',  ( -0.000000000000000000, -0.000000000000000000, -1.000000000000000000 ) ) ;
#1441 = ORIENTED_EDGE ( 'NONE', *, *, #2269, .F. ) ;
#1442 =( GEOMETRIC_REPRESENTATION_CONTEXT ( 3 ) GLOBAL_UNCERTAINTY_ASSIGNED_CONTEXT ( ( #389 ) ) GLOBAL_UNIT_ASSIGNED_CONTEXT ( ( #1493, #67, #1517 ) ) REPRESENTATION_CONTEXT ( 'NONE', 'WORKASPACE' ) );
#1443 = DIRECTION ( 'NONE',  ( 0.000000000000000000, 0.000000000000000000, 1.000000000000000000 ) ) ;
#1444 = FILL_AREA_STYLE ('',( #710 ) ) ;
#1445 = MECHANICAL_DESIGN_GEOMETRIC_PRESENTATION_REPRESENTATION (  '', ( #756 ), #656 ) ;
#1446 = VECTOR ( 'NONE', #742, 1000.000000000000000 ) ;
#1447 = APPLICATION_CONTEXT ( 'automotive_design' ) ;
#1448 = PRESENTATION_LAYER_ASSIGNMENT (  '', '', ( #1982 ) ) ;
#1449 = CARTESIAN_POINT ( 'NONE',  ( -7.250000000000000000, 1.499999999999985789, 3.100000000000000089 ) ) ;
#1450 =( NAMED_UNIT ( * ) PLANE_ANGLE_UNIT ( ) SI_UNIT ( $, .RADIAN. ) );
#1451 = MECHANICAL_DESIGN_GEOMETRIC_PRESENTATION_REPRESENTATION (  '', ( #763 ), #1380 ) ;
#1452 = STYLED_ITEM ( 'NONE', ( #641 ), #1367 ) ;
#1453 = EDGE_CURVE ( 'NONE', #163, #436, #102, .T. ) ;
#1454 = DIRECTION ( 'NONE',  ( -0.000000000000000000, -0.000000000000000000, -1.000000000000000000 ) ) ;
#1455 = EDGE_LOOP ( 'NONE', ( #925, #462 ) ) ;
#1456 = EDGE_CURVE ( 'NONE', #1033, #2274, #694, .T. ) ;
#1457 = CARTESIAN_POINT ( 'NONE',  ( -7.250000000000000888, 1.999999999999985789, 3.100000000000000089 ) ) ;
#1458 = UNCERTAINTY_MEASURE_WITH_UNIT (LENGTH_MEASURE( 1.000000000000000082E-05 ), #1942, 'distance_accuracy_value', 'NONE');
#1459 = CARTESIAN_POINT ( 'NONE',  ( -0.02786404500041902987, 0.000000000000000000, 2.899999999999999911 ) ) ;
#1460 = DIRECTION ( 'NONE',  ( 0.000000000000000000, 0.000000000000000000, 1.000000000000000000 ) ) ;
#1461 = ADVANCED_FACE ( 'NONE', ( #1417 ), #1969, .T. ) ;
#1462 = CARTESIAN_POINT ( 'NONE',  ( -12.25000000000000000, -1.000000000000004663, 3.100000000000000089 ) ) ;
#1463 = STYLED_ITEM ( 'NONE', ( #563 ), #904 ) ;
#1464 = LINE ( 'NONE', #532, #24 ) ;
#1465 = VERTEX_POINT ( 'NONE', #458 ) ;
#1466 = DIRECTION ( 'NONE',  ( 0.000000000000000000, -0.000000000000000000, 1.000000000000000000 ) ) ;
#1467 = VERTEX_POINT ( 'NONE', #1007 ) ;
#1468 = DIRECTION ( 'NONE',  ( 0.000000000000000000, 0.000000000000000000, 1.000000000000000000 ) ) ;
#1469 = LINE ( 'NONE', #775, #423 ) ;
#1470 = VECTOR ( 'NONE', #2355, 1000.000000000000000 ) ;
#1471 = DIRECTION ( 'NONE',  ( -1.000000000000000000, 0.000000000000000000, 0.000000000000000000 ) ) ;
#1472 = CARTESIAN_POINT ( 'NONE',  ( 7.750000000000000888, -1.000000000000000000, 2.899999999999999911 ) ) ;
#1473 = LINE ( 'NONE', #1642, #897 ) ;
#1474 = PRESENTATION_LAYER_ASSIGNMENT (  '', '', ( #1746 ) ) ;
#1475 = DIRECTION ( 'NONE',  ( -1.000000000000000000, 0.000000000000000000, 0.000000000000000000 ) ) ;
#1476 = ORIENTED_EDGE ( 'NONE', *, *, #2312, .F. ) ;
#1477 = STYLED_ITEM ( 'NONE', ( #2317 ), #99 ) ;
#1478 = DIRECTION ( 'NONE',  ( 0.000000000000000000, 0.000000000000000000, -1.000000000000000000 ) ) ;
#1479 = ORIENTED_EDGE ( 'NONE', *, *, #1875, .F. ) ;
#1480 = DIRECTION ( 'NONE',  ( -1.058181320345852328E-13, 0.000000000000000000, 1.000000000000000000 ) ) ;
#1481 = SPHERICAL_SURFACE ( 'NONE', #655, 0.5000000000000000000 ) ;
#1482 = ORIENTED_EDGE ( 'NONE', *, *, #79, .F. ) ;
#1483 = AXIS2_PLACEMENT_3D ( 'NONE', #2168, #876, #2000 ) ;
#1484 = ORIENTED_EDGE ( 'NONE', *, *, #743, .F. ) ;
#1485 = STYLED_ITEM ( 'NONE', ( #399 ), #1753 ) ;
#1486 = DIRECTION ( 'NONE',  ( 0.000000000000000000, -1.000000000000000000, 0.000000000000000000 ) ) ;
#1487 = DIRECTION ( 'NONE',  ( 1.000000000000000000, 0.000000000000000000, 0.000000000000000000 ) ) ;
#1488 = CARTESIAN_POINT ( 'NONE',  ( -5.684718294492803636, 1.999999999999987121, 4.000000000000000000 ) ) ;
#1489 = VECTOR ( 'NONE', #188, 1000.000000000000000 ) ;
#1490 = COLOUR_RGB ( '',0.2509803921568627416, 0.2509803921568627416, 0.2509803921568627416 ) ;
#1491 = COLOUR_RGB ( '',0.2509803921568627416, 0.2509803921568627416, 0.2509803921568627416 ) ;
#1492 = CARTESIAN_POINT ( 'NONE',  ( 4.270504732119705160, -3.500000000000000000, 3.500000000000000000 ) ) ;
#1493 =( LENGTH_UNIT ( ) NAMED_UNIT ( * ) SI_UNIT ( .MILLI., .METRE. ) );
#1494 = ORIENTED_EDGE ( 'NONE', *, *, #1456, .T. ) ;
#1495 = CARTESIAN_POINT ( 'NONE',  ( -7.750000000000000000, 1.999999999999998668, 3.100000000000000089 ) ) ;
#1496 = ORIENTED_EDGE ( 'NONE', *, *, #179, .F. ) ;
#1497 = EDGE_LOOP ( 'NONE', ( #2202, #329, #1236, #412 ) ) ;
#1498 = CARTESIAN_POINT ( 'NONE',  ( -7.750000000000000000, 1.999999999999998668, 3.100000000000000089 ) ) ;
#1499 = LINE ( 'NONE', #750, #1252 ) ;
#1500 = SURFACE_STYLE_FILL_AREA ( #1142 ) ;
#1501 = FILL_AREA_STYLE ('',( #605 ) ) ;
#1502 = ORIENTED_EDGE ( 'NONE', *, *, #718, .F. ) ;
#1503 = EDGE_CURVE ( 'NONE', #760, #2199, #2282, .T. ) ;
#1504 = CARTESIAN_POINT ( 'NONE',  ( 0.000000000000000000, 0.000000000000000000, 5.799999999999999822 ) ) ;
#1505 = ADVANCED_FACE ( 'NONE', ( #1384 ), #1756, .T. ) ;
#1506 = DIRECTION ( 'NONE',  ( -0.000000000000000000, -0.000000000000000000, 1.000000000000000000 ) ) ;
#1507 =( GEOMETRIC_REPRESENTATION_CONTEXT ( 3 ) GLOBAL_UNCERTAINTY_ASSIGNED_CONTEXT ( ( #1934 ) ) GLOBAL_UNIT_ASSIGNED_CONTEXT ( ( #1840, #586, #959 ) ) REPRESENTATION_CONTEXT ( 'NONE', 'WORKASPACE' ) );
#1508 = DIRECTION ( 'NONE',  ( 0.000000000000000000, 0.000000000000000000, 1.000000000000000000 ) ) ;
#1509 =( GEOMETRIC_REPRESENTATION_CONTEXT ( 3 ) GLOBAL_UNCERTAINTY_ASSIGNED_CONTEXT ( ( #2303 ) ) GLOBAL_UNIT_ASSIGNED_CONTEXT ( ( #1239, #1231, #683 ) ) REPRESENTATION_CONTEXT ( 'NONE', 'WORKASPACE' ) );
#1510 = DIRECTION ( 'NONE',  ( 0.000000000000000000, 0.000000000000000000, -1.000000000000000000 ) ) ;
#1511 = ORIENTED_EDGE ( 'NONE', *, *, #1664, .F. ) ;
#1512 = CARTESIAN_POINT ( 'NONE',  ( 4.656199340039639978, 3.818181818181818787, 3.500000000000000000 ) ) ;
#1513 = CYLINDRICAL_SURFACE ( 'NONE', #1084, 3.350000000000000089 ) ;
#1514 = DIRECTION ( 'NONE',  ( -0.000000000000000000, -0.000000000000000000, -1.000000000000000000 ) ) ;
#1515 = ORIENTED_EDGE ( 'NONE', *, *, #328, .F. ) ;
#1516 = UNCERTAINTY_MEASURE_WITH_UNIT (LENGTH_MEASURE( 1.000000000000000082E-05 ), #1174, 'distance_accuracy_value', 'NONE');
#1517 =( NAMED_UNIT ( * ) SI_UNIT ( $, .STERADIAN. ) SOLID_ANGLE_UNIT ( ) );
#1518 = ORIENTED_EDGE ( 'NONE', *, *, #139, .F. ) ;
#1519 = ORIENTED_EDGE ( 'NONE', *, *, #2086, .F. ) ;
#1520 = VERTEX_POINT ( 'NONE', #662 ) ;
#1521 = ORIENTED_EDGE ( 'NONE', *, *, #668, .T. ) ;
#1522 = DIRECTION ( 'NONE',  ( -1.000000000000000000, 0.000000000000000000, 0.000000000000000000 ) ) ;
#1523 = SURFACE_STYLE_FILL_AREA ( #1888 ) ;
#1524 = CARTESIAN_POINT ( 'NONE',  ( 4.270504732119757563, -3.500000000000000000, 4.000000000000000000 ) ) ;
#1525 =( NAMED_UNIT ( * ) PLANE_ANGLE_UNIT ( ) SI_UNIT ( $, .RADIAN. ) );
#1526 = ORIENTED_EDGE ( 'NONE', *, *, #1101, .T. ) ;
#1527 = EDGE_LOOP ( 'NONE', ( #1727, #2382, #875, #996 ) ) ;
#1528 = DIRECTION ( 'NONE',  ( -0.000000000000000000, -0.000000000000000000, -1.000000000000000000 ) ) ;
#1529 = MECHANICAL_DESIGN_GEOMETRIC_PRESENTATION_REPRESENTATION (  '', ( #1140 ), #335 ) ;
#1530 = AXIS2_PLACEMENT_3D ( 'NONE', #1492, #511, #1290 ) ;
#1531 = COLOUR_RGB ( '',0.2509803921568627416, 0.2509803921568627416, 0.2509803921568627416 ) ;
#1532 = DIRECTION ( 'NONE',  ( -0.000000000000000000, -0.000000000000000000, -1.000000000000000000 ) ) ;
#1533 = ORIENTED_EDGE ( 'NONE', *, *, #2138, .T. ) ;
#1534 = ORIENTED_EDGE ( 'NONE', *, *, #1079, .T. ) ;
#1535 = VECTOR ( 'NONE', #110, 1000.000000000000000 ) ;
#1536 = EDGE_CURVE ( 'NONE', #163, #129, #62, .T. ) ;
#1537 = FILL_AREA_STYLE_COLOUR ( '', #1410 ) ;
#1538 = LINE ( 'NONE', #2294, #712 ) ;
#1539 = CARTESIAN_POINT ( 'NONE',  ( 7.750000000000000888, 0.9999999999999986677, 3.100000000000000089 ) ) ;
#1540 = EDGE_CURVE ( 'NONE', #740, #1878, #1880, .T. ) ;
#1541 = CARTESIAN_POINT ( 'NONE',  ( 0.000000000000000000, 0.000000000000000000, 8.000000000000000000 ) ) ;
#1542 = CIRCLE ( 'NONE', #1416, 2.200000000000000178 ) ;
#1543 =( GEOMETRIC_REPRESENTATION_CONTEXT ( 3 ) GLOBAL_UNCERTAINTY_ASSIGNED_CONTEXT ( ( #1124 ) ) GLOBAL_UNIT_ASSIGNED_CONTEXT ( ( #941, #193, #167 ) ) REPRESENTATION_CONTEXT ( 'NONE', 'WORKASPACE' ) );
#1544 = CARTESIAN_POINT ( 'NONE',  ( 0.000000000000000000, 0.000000000000000000, 5.299999999999998934 ) ) ;
#1545 = ADVANCED_FACE ( 'NONE', ( #447 ), #1370, .T. ) ;
#1546 = CARTESIAN_POINT ( 'NONE',  ( -12.25000000000000000, -1.000000000000004663, 3.100000000000000089 ) ) ;
#1547 =( LENGTH_UNIT ( ) NAMED_UNIT ( * ) SI_UNIT ( .MILLI., .METRE. ) );
#1548 = EDGE_LOOP ( 'NONE', ( #1884, #2247, #2380, #1695, #950, #769, #1521, #1150, #1819, #2050 ) ) ;
#1549 = LINE ( 'NONE', #631, #100 ) ;
#1550 =( NAMED_UNIT ( * ) SI_UNIT ( $, .STERADIAN. ) SOLID_ANGLE_UNIT ( ) );
#1551 =( NAMED_UNIT ( * ) SI_UNIT ( $, .STERADIAN. ) SOLID_ANGLE_UNIT ( ) );
#1552 =( LENGTH_UNIT ( ) NAMED_UNIT ( * ) SI_UNIT ( .MILLI., .METRE. ) );
#1553 = DIRECTION ( 'NONE',  ( 1.000000000000000000, 0.000000000000000000, 0.000000000000000000 ) ) ;
#1554 = CYLINDRICAL_SURFACE ( 'NONE', #259, 1.000000000000002665 ) ;
#1555 = ORIENTED_EDGE ( 'NONE', *, *, #916, .T. ) ;
#1556 = UNCERTAINTY_MEASURE_WITH_UNIT (LENGTH_MEASURE( 1.000000000000000082E-05 ), #1585, 'distance_accuracy_value', 'NONE');
#1557 = CARTESIAN_POINT ( 'NONE',  ( 2.850000000000000089, 0.000000000000000000, 5.799999999999999822 ) ) ;
#1558 = EDGE_LOOP ( 'NONE', ( #1789, #1431, #2266, #2305 ) ) ;
#1559 = PLANE ( 'NONE',  #210 ) ;
#1560 = FILL_AREA_STYLE ('',( #2314 ) ) ;
#1561 = AXIS2_PLACEMENT_3D ( 'NONE', #681, #2135, #1950 ) ;
#1562 = SURFACE_STYLE_FILL_AREA ( #1891 ) ;
#1563 = DIRECTION ( 'NONE',  ( -1.000000000000000000, 0.000000000000000000, 0.000000000000000000 ) ) ;
#1564 =( LENGTH_UNIT ( ) NAMED_UNIT ( * ) SI_UNIT ( .MILLI., .METRE. ) );
#1565 = SURFACE_STYLE_USAGE ( .BOTH. , #1028 ) ;
#1566 = CIRCLE ( 'NONE', #1945, 5.999999999999999112 ) ;
#1567 = COLOUR_RGB ( '',1.000000000000000000, 0.000000000000000000, 0.000000000000000000 ) ;
#1568 = CIRCLE ( 'NONE', #1070, 2.200000000000000178 ) ;
#1569 = VERTEX_POINT ( 'NONE', #802 ) ;
#1570 = SURFACE_STYLE_FILL_AREA ( #92 ) ;
#1571 =( GEOMETRIC_REPRESENTATION_CONTEXT ( 3 ) GLOBAL_UNCERTAINTY_ASSIGNED_CONTEXT ( ( #1516 ) ) GLOBAL_UNIT_ASSIGNED_CONTEXT ( ( #1174, #773, #260 ) ) REPRESENTATION_CONTEXT ( 'NONE', 'WORKASPACE' ) );
#1572 = EDGE_LOOP ( 'NONE', ( #1837, #1259, #1283, #242 ) ) ;
#1573 = AXIS2_PLACEMENT_3D ( 'NONE', #1071, #1099, #180 ) ;
#1574 = PRESENTATION_STYLE_ASSIGNMENT (( #94 ) ) ;
#1575 = MECHANICAL_DESIGN_GEOMETRIC_PRESENTATION_REPRESENTATION (  '', ( #1147 ), #1074 ) ;
#1576 = SURFACE_STYLE_FILL_AREA ( #1769 ) ;
#1577 = DIRECTION ( 'NONE',  ( -0.7713892158397641641, -0.6363636363637645843, 0.000000000000000000 ) ) ;
#1578 = CIRCLE ( 'NONE', #2180, 1.000000000000002665 ) ;
#1579 = FACE_OUTER_BOUND ( 'NONE', #2241, .T. ) ;
#1580 = CARTESIAN_POINT ( 'NONE',  ( -12.25000000000000000, -1.224646799147346551E-16, 3.100000000000000089 ) ) ;
#1581 = UNCERTAINTY_MEASURE_WITH_UNIT (LENGTH_MEASURE( 1.000000000000000082E-05 ), #60, 'distance_accuracy_value', 'NONE');
#1582 = VERTEX_POINT ( 'NONE', #669 ) ;
#1583 = LINE ( 'NONE', #2325, #796 ) ;
#1584 = EDGE_CURVE ( 'NONE', #2096, #2334, #901, .T. ) ;
#1585 =( LENGTH_UNIT ( ) NAMED_UNIT ( * ) SI_UNIT ( .MILLI., .METRE. ) );
#1586 = EDGE_CURVE ( 'NONE', #1881, #579, #2016, .T. ) ;
#1587 = CYLINDRICAL_SURFACE ( 'NONE', #2328, 6.000000000000000000 ) ;
#1588 = SURFACE_STYLE_FILL_AREA ( #849 ) ;
#1589 = COLOUR_RGB ( '',1.000000000000000000, 0.000000000000000000, 0.000000000000000000 ) ;
#1590 = AXIS2_PLACEMENT_3D ( 'NONE', #697, #674, #127 ) ;
#1591 = ADVANCED_FACE ( 'NONE', ( #2163, #1623 ), #1781, .F. ) ;
#1592 = ORIENTED_EDGE ( 'NONE', *, *, #261, .T. ) ;
#1593 =( LENGTH_UNIT ( ) NAMED_UNIT ( * ) SI_UNIT ( .MILLI., .METRE. ) );
#1594 = CIRCLE ( 'NONE', #739, 0.5000000000000001110 ) ;
#1595 =( NAMED_UNIT ( * ) SI_UNIT ( $, .STERADIAN. ) SOLID_ANGLE_UNIT ( ) );
#1596 = CARTESIAN_POINT ( 'NONE',  ( 4.270504732119705160, 3.500000000000000000, 4.000000000000000000 ) ) ;
#1597 = ORIENTED_EDGE ( 'NONE', *, *, #2375, .F. ) ;
#1598 = CARTESIAN_POINT ( 'NONE',  ( 7.750000000000000000, 1.999999999999998668, 3.100000000000000089 ) ) ;
#1599 = TOROIDAL_SURFACE ( 'NONE', #987, 2.850000000000000089, 0.5000000000000000000 ) ;
#1600 = FILL_AREA_STYLE ('',( #1940 ) ) ;
#1601 = STYLED_ITEM ( 'NONE', ( #1955 ), #752 ) ;
#1602 = MECHANICAL_DESIGN_GEOMETRIC_PRESENTATION_REPRESENTATION (  '', ( #1067 ), #1820 ) ;
#1603 = ORIENTED_EDGE ( 'NONE', *, *, #2315, .F. ) ;
#1604 = FILL_AREA_STYLE ('',( #1960 ) ) ;
#1605 = EDGE_CURVE ( 'NONE', #1360, #1156, #2154, .T. ) ;
#1606 = AXIS2_PLACEMENT_3D ( 'NONE', #547, #1460, #1487 ) ;
#1607 = FILL_AREA_STYLE_COLOUR ( '', #997 ) ;
#1608 = AXIS2_PLACEMENT_3D ( 'NONE', #1834, #1466, #555 ) ;
#1609 =( NAMED_UNIT ( * ) PLANE_ANGLE_UNIT ( ) SI_UNIT ( $, .RADIAN. ) );
#1610 = CIRCLE ( 'NONE', #341, 0.5000000000000000000 ) ;
#1611 =( NAMED_UNIT ( * ) SI_UNIT ( $, .STERADIAN. ) SOLID_ANGLE_UNIT ( ) );
#1612 = CIRCLE ( 'NONE', #1222, 0.5000000000000000000 ) ;
#1613 = DIRECTION ( 'NONE',  ( 1.000000000000000000, -0.000000000000000000, -0.000000000000000000 ) ) ;
#1614 = EDGE_CURVE ( 'NONE', #91, #1338, #1422, .T. ) ;
#1615 = CYLINDRICAL_SURFACE ( 'NONE', #265, 5.999999999999999112 ) ;
#1616 = FILL_AREA_STYLE ('',( #1081 ) ) ;
#1617 = EDGE_CURVE ( 'NONE', #918, #1298, #848, .T. ) ;
#1618 =( NAMED_UNIT ( * ) PLANE_ANGLE_UNIT ( ) SI_UNIT ( $, .RADIAN. ) );
#1619 = SURFACE_STYLE_USAGE ( .BOTH. , #2343 ) ;
#1620 = ORIENTED_EDGE ( 'NONE', *, *, #1614, .F. ) ;
#1621 = SURFACE_STYLE_FILL_AREA ( #879 ) ;
#1622 = SURFACE_SIDE_STYLE ('',( #2309 ) ) ;
#1623 = FACE_BOUND ( 'NONE', #353, .T. ) ;
#1624 =( NAMED_UNIT ( * ) SI_UNIT ( $, .STERADIAN. ) SOLID_ANGLE_UNIT ( ) );
#1625 = PRESENTATION_LAYER_ASSIGNMENT (  '', '', ( #356 ) ) ;
#1626 = LINE ( 'NONE', #539, #867 ) ;
#1627 = LINE ( 'NONE', #1265, #1446 ) ;
#1628 = SURFACE_STYLE_FILL_AREA ( #886 ) ;
#1629 = ORIENTED_EDGE ( 'NONE', *, *, #1720, .F. ) ;
#1630 = CARTESIAN_POINT ( 'NONE',  ( -0.02786404500041902987, 0.000000000000000000, 0.000000000000000000 ) ) ;
#1631 = DIRECTION ( 'NONE',  ( 0.000000000000000000, 0.000000000000000000, -1.000000000000000000 ) ) ;
#1632 = UNCERTAINTY_MEASURE_WITH_UNIT (LENGTH_MEASURE( 1.000000000000000082E-05 ), #401, 'distance_accuracy_value', 'NONE');
#1633 = EDGE_CURVE ( 'NONE', #939, #1953, #1255, .T. ) ;
#1634 = DIRECTION ( 'NONE',  ( 0.000000000000000000, 0.000000000000000000, -1.000000000000000000 ) ) ;
#1635 = ADVANCED_FACE ( 'NONE', ( #514 ), #1615, .T. ) ;
#1636 = CARTESIAN_POINT ( 'NONE',  ( -4.270504732119704272, -3.499999999999999556, 3.500000000000000000 ) ) ;
#1637 = AXIS2_PLACEMENT_3D ( 'NONE', #1343, #2109, #2083 ) ;
#1638 = ORIENTED_EDGE ( 'NONE', *, *, #992, .F. ) ;
#1639 = FILL_AREA_STYLE ('',( #888 ) ) ;
#1640 = CARTESIAN_POINT ( 'NONE',  ( -13.25000000000000355, -1.224646799147346551E-16, 3.100000000000000089 ) ) ;
#1641 = CARTESIAN_POINT ( 'NONE',  ( -5.684718294492803636, 1.999999999999987121, 2.899999999999999911 ) ) ;
#1642 = CARTESIAN_POINT ( 'NONE',  ( -3.350000000000000089, 0.000000000000000000, 5.799999999999999822 ) ) ;
#1643 = COLOUR_RGB ( '',0.6470588235294117974, 0.6196078431372549211, 0.5882352941176470784 ) ;
#1644 =( LENGTH_UNIT ( ) NAMED_UNIT ( * ) SI_UNIT ( .MILLI., .METRE. ) );
#1645 = SURFACE_SIDE_STYLE ('',( #1293 ) ) ;
#1646 = AXIS2_PLACEMENT_3D ( 'NONE', #1262, #1486, #398 ) ;
#1647 = EDGE_LOOP ( 'NONE', ( #2085, #1482, #379, #1248 ) ) ;
#1648 = CARTESIAN_POINT ( 'NONE',  ( -4.270504732119704272, 3.500000000000000000, 0.000000000000000000 ) ) ;
#1649 = ORIENTED_EDGE ( 'NONE', *, *, #680, .F. ) ;
#1650 =( LENGTH_UNIT ( ) NAMED_UNIT ( * ) SI_UNIT ( .MILLI., .METRE. ) );
#1651 =( NAMED_UNIT ( * ) SI_UNIT ( $, .STERADIAN. ) SOLID_ANGLE_UNIT ( ) );
#1652 = FACE_OUTER_BOUND ( 'NONE', #444, .T. ) ;
#1653 = ORIENTED_EDGE ( 'NONE', *, *, #1019, .T. ) ;
#1654 =( GEOMETRIC_REPRESENTATION_CONTEXT ( 3 ) GLOBAL_UNCERTAINTY_ASSIGNED_CONTEXT ( ( #2182 ) ) GLOBAL_UNIT_ASSIGNED_CONTEXT ( ( #1801, #1965, #1104 ) ) REPRESENTATION_CONTEXT ( 'NONE', 'WORKASPACE' ) );
#1655 = LINE ( 'NONE', #231, #267 ) ;
#1656 = ORIENTED_EDGE ( 'NONE', *, *, #1112, .T. ) ;
#1657 = SURFACE_STYLE_FILL_AREA ( #734 ) ;
#1658 = ORIENTED_EDGE ( 'NONE', *, *, #826, .F. ) ;
#1659 = CARTESIAN_POINT ( 'NONE',  ( -4.270504732119704272, -4.000000000000000000, 4.000000000000000000 ) ) ;
#1660 = STYLED_ITEM ( 'NONE', ( #968 ), #1352 ) ;
#1661 = PRESENTATION_STYLE_ASSIGNMENT (( #421 ) ) ;
#1662 = ORIENTED_EDGE ( 'NONE', *, *, #2353, .T. ) ;
#1663 = PRESENTATION_STYLE_ASSIGNMENT (( #197 ) ) ;
#1664 = EDGE_CURVE ( 'NONE', #2368, #939, #1980, .T. ) ;
#1665 = COLOUR_RGB ( '',0.2509803921568627416, 0.2509803921568627416, 0.2509803921568627416 ) ;
#1666 = PRESENTATION_STYLE_ASSIGNMENT (( #2243 ) ) ;
#1667 = LINE ( 'NONE', #1717, #2278 ) ;
#1668 = CARTESIAN_POINT ( 'NONE',  ( 0.000000000000000000, 0.000000000000000000, 4.000000000000000000 ) ) ;
#1669 = STYLED_ITEM ( 'NONE', ( #1083 ), #2140 ) ;
#1670 = VECTOR ( 'NONE', #1964, 1000.000000000000000 ) ;
#1671 = DIRECTION ( 'NONE',  ( -1.000000000000000000, 0.000000000000000000, 0.000000000000000000 ) ) ;
#1672 = ORIENTED_EDGE ( 'NONE', *, *, #1681, .F. ) ;
#1673 = UNCERTAINTY_MEASURE_WITH_UNIT (LENGTH_MEASURE( 1.000000000000000082E-05 ), #77, 'distance_accuracy_value', 'NONE');
#1674 = AXIS2_PLACEMENT_3D ( 'NONE', #577, #2272, #2238 ) ;
#1675 = AXIS2_PLACEMENT_3D ( 'NONE', #204, #1126, #2184 ) ;
#1676 = CARTESIAN_POINT ( 'NONE',  ( -4.270504732119704272, 4.000000000000000000, 3.500000000000000000 ) ) ;
#1677 = FACE_OUTER_BOUND ( 'NONE', #1527, .T. ) ;
#1678 = FILL_AREA_STYLE_COLOUR ( '', #1739 ) ;
#1679 = PRESENTATION_LAYER_ASSIGNMENT (  '', '', ( #1187 ) ) ;
#1681 = EDGE_CURVE ( 'NONE', #1123, #436, #425, .T. ) ;
#1680 = AXIS2_PLACEMENT_3D ( 'NONE', #2001, #1454, #933 ) ;
#1682 = AXIS2_PLACEMENT_3D ( 'NONE', #986, #454, #215 ) ;
#1683 = COLOUR_RGB ( '',0.6470588235294117974, 0.6196078431372549211, 0.5882352941176470784 ) ;
#1684 = UNCERTAINTY_MEASURE_WITH_UNIT (LENGTH_MEASURE( 1.000000000000000082E-05 ), #877, 'distance_accuracy_value', 'NONE');
#1685 = ADVANCED_FACE ( 'NONE', ( #562 ), #168, .T. ) ;
#1686 = VERTEX_POINT ( 'NONE', #1839 ) ;
#1687 = DIRECTION ( 'NONE',  ( -1.000000000000000000, 0.000000000000000000, -0.000000000000000000 ) ) ;
#1688 = CARTESIAN_POINT ( 'NONE',  ( -0.02786404500041902987, 0.000000000000000000, 3.100000000000000089 ) ) ;
#1689 = SURFACE_STYLE_FILL_AREA ( #1444 ) ;
#1690 = LINE ( 'NONE', #36, #1979 ) ;
#1691 = ORIENTED_EDGE ( 'NONE', *, *, #116, .F. ) ;
#1692 = EDGE_LOOP ( 'NONE', ( #68, #351, #1145 ) ) ;
#1693 = SURFACE_STYLE_USAGE ( .BOTH. , #960 ) ;
#1694 = VERTEX_POINT ( 'NONE', #1472 ) ;
#1695 = ORIENTED_EDGE ( 'NONE', *, *, #2258, .T. ) ;
#1696 = APPLICATION_CONTEXT ( 'automotive_design' ) ;
#1697 = ORIENTED_EDGE ( 'NONE', *, *, #1428, .F. ) ;
#1698 = PLANE ( 'NONE',  #863 ) ;
#1699 =( NAMED_UNIT ( * ) PLANE_ANGLE_UNIT ( ) SI_UNIT ( $, .RADIAN. ) );
#1700 = DIRECTION ( 'NONE',  ( 0.000000000000000000, 0.000000000000000000, 1.000000000000000000 ) ) ;
#1701 = DIRECTION ( 'NONE',  ( -1.000000000000000000, -0.000000000000000000, -0.000000000000000000 ) ) ;
#1702 = LINE ( 'NONE', #1295, #362 ) ;
#1703 = VECTOR ( 'NONE', #148, 1000.000000000000000 ) ;
#1704 = CARTESIAN_POINT ( 'NONE',  ( 5.684718294492800972, 1.999999999999997113, 2.899999999999999911 ) ) ;
#1705 = CIRCLE ( 'NONE', #482, 0.4999999999999995559 ) ;
#1706 = ORIENTED_EDGE ( 'NONE', *, *, #2312, .T. ) ;
#1707 = SURFACE_SIDE_STYLE ('',( #1117 ) ) ;
#1708 = EDGE_CURVE ( 'NONE', #1033, #830, #1116, .T. ) ;
#1709 = UNCERTAINTY_MEASURE_WITH_UNIT (LENGTH_MEASURE( 1.000000000000000082E-05 ), #282, 'distance_accuracy_value', 'NONE');
#1710 = CARTESIAN_POINT ( 'NONE',  ( 12.25000000000000000, 0.9999999999999993339, 2.899999999999999911 ) ) ;
#1711 = VERTEX_POINT ( 'NONE', #2039 ) ;
#1712 =( GEOMETRIC_REPRESENTATION_CONTEXT ( 3 ) GLOBAL_UNCERTAINTY_ASSIGNED_CONTEXT ( ( #1767 ) ) GLOBAL_UNIT_ASSIGNED_CONTEXT ( ( #672, #1745, #1595 ) ) REPRESENTATION_CONTEXT ( 'NONE', 'WORKASPACE' ) );
#1713 = PRESENTATION_STYLE_ASSIGNMENT (( #424 ) ) ;
#1714 = EDGE_CURVE ( 'NONE', #939, #1088, #1186, .T. ) ;
#1715 = ORIENTED_EDGE ( 'NONE', *, *, #1664, .T. ) ;
#1716 =( LENGTH_UNIT ( ) NAMED_UNIT ( * ) SI_UNIT ( .MILLI., .METRE. ) );
#1717 = CARTESIAN_POINT ( 'NONE',  ( -7.750000000000000888, -2.000000000000000444, 3.100000000000000089 ) ) ;
#1718 =( NAMED_UNIT ( * ) PLANE_ANGLE_UNIT ( ) SI_UNIT ( $, .RADIAN. ) );
#1719 = PRESENTATION_STYLE_ASSIGNMENT (( #2221 ) ) ;
#1720 = EDGE_CURVE ( 'NONE', #129, #1711, #1499, .T. ) ;
#1721 =( NAMED_UNIT ( * ) SI_UNIT ( $, .STERADIAN. ) SOLID_ANGLE_UNIT ( ) );
#1722 = DIRECTION ( 'NONE',  ( -1.000000000000000000, 0.000000000000000000, 0.000000000000000000 ) ) ;
#1723 =( GEOMETRIC_REPRESENTATION_CONTEXT ( 3 ) GLOBAL_UNCERTAINTY_ASSIGNED_CONTEXT ( ( #2371 ) ) GLOBAL_UNIT_ASSIGNED_CONTEXT ( ( #601, #55, #271 ) ) REPRESENTATION_CONTEXT ( 'NONE', 'WORKASPACE' ) );
#1724 = VECTOR ( 'NONE', #2078, 1000.000000000000000 ) ;
#1725 = AXIS2_PLACEMENT_3D ( 'NONE', #2277, #584, #2061 ) ;
#1726 = CARTESIAN_POINT ( 'NONE',  ( 0.000000000000000000, 0.000000000000000000, 5.799999999999999822 ) ) ;
#1727 = ORIENTED_EDGE ( 'NONE', *, *, #2346, .T. ) ;
#1728 = ORIENTED_EDGE ( 'NONE', *, *, #1778, .F. ) ;
#1729 = STYLED_ITEM ( 'NONE', ( #34 ), #76 ) ;
#1730 = DIRECTION ( 'NONE',  ( 1.000000000000000000, 0.000000000000000000, 0.000000000000000000 ) ) ;
#1731 = EDGE_LOOP ( 'NONE', ( #2028, #1327, #1864, #58 ) ) ;
#1732 = FACE_OUTER_BOUND ( 'NONE', #1302, .T. ) ;
#1733 = FACE_OUTER_BOUND ( 'NONE', #665, .T. ) ;
#1734 = CIRCLE ( 'NONE', #1646, 0.5000000000000000000 ) ;
#1735 = SURFACE_SIDE_STYLE ('',( #1199 ) ) ;
#1736 = PRODUCT_CONTEXT ( 'NONE', #1447, 'mechanical' ) ;
#1737 = FILL_AREA_STYLE_COLOUR ( '', #1491 ) ;
#1738 = DIRECTION ( 'NONE',  ( 1.000000000000000000, -1.284980352575412699E-16, 0.000000000000000000 ) ) ;
#1739 = COLOUR_RGB ( '',1.000000000000000000, 0.000000000000000000, 0.000000000000000000 ) ;
#1740 =( LENGTH_UNIT ( ) NAMED_UNIT ( * ) SI_UNIT ( .MILLI., .METRE. ) );
#1741 = STYLED_ITEM ( 'NONE', ( #777 ), #608 ) ;
#1742 = FILL_AREA_STYLE_COLOUR ( '', #1665 ) ;
#1743 = VERTEX_POINT ( 'NONE', #1641 ) ;
#1744 = VERTEX_POINT ( 'NONE', #725 ) ;
#1745 =( NAMED_UNIT ( * ) PLANE_ANGLE_UNIT ( ) SI_UNIT ( $, .RADIAN. ) );
#1746 = STYLED_ITEM ( 'NONE', ( #1407 ), #1357 ) ;
#1747 = APPLICATION_PROTOCOL_DEFINITION ( 'draft international standard', 'automotive_design', 1998, #1696 ) ;
#1748 = CARTESIAN_POINT ( 'NONE',  ( -0.02786404500041902987, 0.000000000000000000, 0.000000000000000000 ) ) ;
#1749 = LINE ( 'NONE', #1364, #95 ) ;
#1750 = CARTESIAN_POINT ( 'NONE',  ( 4.656199340039639978, -3.818181818181818787, 3.500000000000000000 ) ) ;
#1751 = AXIS2_PLACEMENT_3D ( 'NONE', #1100, #1631, #1986 ) ;
#1752 = FILL_AREA_STYLE ('',( #147 ) ) ;
#1753 = ADVANCED_FACE ( 'NONE', ( #1677 ), #2372, .F. ) ;
#1754 = AXIS2_PLACEMENT_3D ( 'NONE', #124, #862, #1046 ) ;
#1755 = VECTOR ( 'NONE', #1191, 1000.000000000000000 ) ;
#1756 = TOROIDAL_SURFACE ( 'NONE', #1102, 2.850000000000000089, 0.5000000000000000000 ) ;
#1757 = MECHANICAL_DESIGN_GEOMETRIC_PRESENTATION_REPRESENTATION (  '', ( #903 ), #612 ) ;
#1758 = STYLED_ITEM ( 'NONE', ( #300 ), #1635 ) ;
#1759 = ORIENTED_EDGE ( 'NONE', *, *, #1958, .F. ) ;
#1760 = EDGE_CURVE ( 'NONE', #2274, #1465, #2052, .T. ) ;
#1761 = MECHANICAL_DESIGN_GEOMETRIC_PRESENTATION_REPRESENTATION (  '', ( #428 ), #2143 ) ;
#1762 = PRESENTATION_LAYER_ASSIGNMENT (  '', '', ( #2175 ) ) ;
#1763 = CARTESIAN_POINT ( 'NONE',  ( 4.270504732119706048, 3.500000000000000444, 3.500000000000000000 ) ) ;
#1764 = CYLINDRICAL_SURFACE ( 'NONE', #616, 0.4999999999999995559 ) ;
#1765 = STYLED_ITEM ( 'NONE', ( #1951 ), #2383 ) ;
#1766 = SURFACE_STYLE_USAGE ( .BOTH. , #1622 ) ;
#1767 = UNCERTAINTY_MEASURE_WITH_UNIT (LENGTH_MEASURE( 1.000000000000000082E-05 ), #672, 'distance_accuracy_value', 'NONE');
#1768 =( LENGTH_UNIT ( ) NAMED_UNIT ( * ) SI_UNIT ( .MILLI., .METRE. ) );
#1769 = FILL_AREA_STYLE ('',( #311 ) ) ;
#1770 =( NAMED_UNIT ( * ) PLANE_ANGLE_UNIT ( ) SI_UNIT ( $, .RADIAN. ) );
#1771 = CARTESIAN_POINT ( 'NONE',  ( -0.02786404500041902987, 0.000000000000000000, 4.000000000000000000 ) ) ;
#1772 =( LENGTH_UNIT ( ) NAMED_UNIT ( * ) SI_UNIT ( .MILLI., .METRE. ) );
#1773 = VECTOR ( 'NONE', #751, 1000.000000000000000 ) ;
#1774 = ADVANCED_FACE ( 'NONE', ( #37 ), #598, .T. ) ;
#1775 = ORIENTED_EDGE ( 'NONE', *, *, #1540, .F. ) ;
#1776 = STYLED_ITEM ( 'NONE', ( #162 ), #237 ) ;
#1777 = SURFACE_SIDE_STYLE ('',( #1057 ) ) ;
#1778 = EDGE_CURVE ( 'NONE', #1686, #2368, #820, .T. ) ;
#1779 = CARTESIAN_POINT ( 'NONE',  ( -4.656199340039638201, -3.818181818181817899, 3.500000000000000000 ) ) ;
#1780 = EDGE_LOOP ( 'NONE', ( #861, #196, #1429, #1886, #2067, #324, #786, #445, #678, #1233 ) ) ;
#1781 = PLANE ( 'NONE',  #17 ) ;
#1782 = DIRECTION ( 'NONE',  ( 1.000000000000000000, 0.000000000000000000, 0.000000000000000000 ) ) ;
#1783 = PRESENTATION_LAYER_ASSIGNMENT (  '', '', ( #2210 ) ) ;
#1784 = DIRECTION ( 'NONE',  ( 1.000000000000000000, -8.673617379884043361E-16, 0.000000000000000000 ) ) ;
#1785 = AXIS2_PLACEMENT_3D ( 'NONE', #439, #2045, #815 ) ;
#1786 = AXIS2_PLACEMENT_3D ( 'NONE', #1648, #2381, #504 ) ;
#1787 = VECTOR ( 'NONE', #596, 1000.000000000000000 ) ;
#1788 = DIRECTION ( 'NONE',  ( -1.000000000000000000, 0.000000000000000000, 0.000000000000000000 ) ) ;
#1789 = ORIENTED_EDGE ( 'NONE', *, *, #855, .F. ) ;
#1790 = CARTESIAN_POINT ( 'NONE',  ( 12.25000000000000000, 0.9999999999999993339, 3.100000000000000089 ) ) ;
#1791 = CYLINDRICAL_SURFACE ( 'NONE', #1803, 0.5000000000000004441 ) ;
#1792 = DIRECTION ( 'NONE',  ( -0.000000000000000000, 0.000000000000000000, -1.000000000000000000 ) ) ;
#1793 = PRESENTATION_STYLE_ASSIGNMENT (( #1061 ) ) ;
#1794 = SURFACE_STYLE_USAGE ( .BOTH. , #1828 ) ;
#1795 = ADVANCED_FACE ( 'NONE', ( #74 ), #430, .T. ) ;
#1796 = DIRECTION ( 'NONE',  ( -1.000000000000000000, 1.284980352575412453E-16, -0.000000000000000000 ) ) ;
#1797 = ORIENTED_EDGE ( 'NONE', *, *, #1453, .T. ) ;
#1798 = CARTESIAN_POINT ( 'NONE',  ( 0.000000000000000000, 0.000000000000000000, 4.000000000000000000 ) ) ;
#1799 = CARTESIAN_POINT ( 'NONE',  ( -12.25000000000000000, 1.000000000000001776, 2.899999999999999911 ) ) ;
#1800 =( LENGTH_UNIT ( ) NAMED_UNIT ( * ) SI_UNIT ( .MILLI., .METRE. ) );
#1801 =( LENGTH_UNIT ( ) NAMED_UNIT ( * ) SI_UNIT ( .MILLI., .METRE. ) );
#1802 = AXIS2_PLACEMENT_3D ( 'NONE', #183, #1263, #1987 ) ;
#1803 = AXIS2_PLACEMENT_3D ( 'NONE', #1432, #112, #1391 ) ;
#1804 = DIRECTION ( 'NONE',  ( 0.000000000000000000, 1.000000000000000000, 0.000000000000000000 ) ) ;
#1805 = MECHANICAL_DESIGN_GEOMETRIC_PRESENTATION_REPRESENTATION (  '', ( #2156 ), #403 ) ;
#1806 = DIRECTION ( 'NONE',  ( -1.000000000000000000, 0.000000000000000000, -0.000000000000000000 ) ) ;
#1807 = ORIENTED_EDGE ( 'NONE', *, *, #361, .T. ) ;
#1808 = SURFACE_STYLE_FILL_AREA ( #330 ) ;
#1809 = ORIENTED_EDGE ( 'NONE', *, *, #578, .F. ) ;
#1810 = DIRECTION ( 'NONE',  ( -0.000000000000000000, -0.000000000000000000, 1.000000000000000000 ) ) ;
#1811 = CARTESIAN_POINT ( 'NONE',  ( -7.750000000000000888, -1.499999999999990896, 2.899999999999999911 ) ) ;
#1812 = UNCERTAINTY_MEASURE_WITH_UNIT (LENGTH_MEASURE( 1.000000000000000082E-05 ), #1552, 'distance_accuracy_value', 'NONE');
#1813 =( NAMED_UNIT ( * ) PLANE_ANGLE_UNIT ( ) SI_UNIT ( $, .RADIAN. ) );
#1814 = ADVANCED_FACE ( 'NONE', ( #1732 ), #456, .T. ) ;
#1815 =( NAMED_UNIT ( * ) PLANE_ANGLE_UNIT ( ) SI_UNIT ( $, .RADIAN. ) );
#1816 = FILL_AREA_STYLE_COLOUR ( '', #170 ) ;
#1817 = ADVANCED_FACE ( 'NONE', ( #126 ), #856, .T. ) ;
#1818 = FILL_AREA_STYLE_COLOUR ( '', #1002 ) ;
#1819 = ORIENTED_EDGE ( 'NONE', *, *, #2114, .T. ) ;
#1820 =( GEOMETRIC_REPRESENTATION_CONTEXT ( 3 ) GLOBAL_UNCERTAINTY_ASSIGNED_CONTEXT ( ( #1632 ) ) GLOBAL_UNIT_ASSIGNED_CONTEXT ( ( #401, #2387, #32 ) ) REPRESENTATION_CONTEXT ( 'NONE', 'WORKASPACE' ) );
#1821 = DIRECTION ( 'NONE',  ( -1.000000000000000000, 0.000000000000000000, 0.000000000000000000 ) ) ;
#1822 = EDGE_LOOP ( 'NONE', ( #364, #1054, #592, #1603 ) ) ;
#1823 = DIRECTION ( 'NONE',  ( -1.000000000000000000, 0.000000000000000000, 0.000000000000000000 ) ) ;
#1824 = LINE ( 'NONE', #181, #334 ) ;
#1825 = VECTOR ( 'NONE', #1085, 1000.000000000000000 ) ;
#1826 = SURFACE_STYLE_FILL_AREA ( #1852 ) ;
#1827 = DIRECTION ( 'NONE',  ( 0.000000000000000000, 0.000000000000000000, 1.000000000000000000 ) ) ;
#1828 = SURFACE_SIDE_STYLE ('',( #728 ) ) ;
#1829 = ORIENTED_EDGE ( 'NONE', *, *, #955, .T. ) ;
#1830 = VECTOR ( 'NONE', #2048, 1000.000000000000000 ) ;
#1831 = CARTESIAN_POINT ( 'NONE',  ( 12.25000000000000000, -1.224646799147346551E-16, 3.100000000000000089 ) ) ;
#1832 = COLOUR_RGB ( '',0.6470588235294117974, 0.6196078431372549211, 0.5882352941176470784 ) ;
#1833 = ORIENTED_EDGE ( 'NONE', *, *, #1009, .T. ) ;
#1834 = CARTESIAN_POINT ( 'NONE',  ( -4.270504732119704272, 3.500000000000000000, 3.500000000000000000 ) ) ;
#1835 = VERTEX_POINT ( 'NONE', #1038 ) ;
#1836 = CARTESIAN_POINT ( 'NONE',  ( -0.02786404500041902987, 0.000000000000000000, 2.899999999999999911 ) ) ;
#1837 = ORIENTED_EDGE ( 'NONE', *, *, #1910, .T. ) ;
#1838 = CARTESIAN_POINT ( 'NONE',  ( -7.250000000000000000, 1.499999999999985789, 2.899999999999999911 ) ) ;
#1839 = CARTESIAN_POINT ( 'NONE',  ( -4.270504732119756675, -3.500000000000000000, 4.000000000000000000 ) ) ;
#1840 =( LENGTH_UNIT ( ) NAMED_UNIT ( * ) SI_UNIT ( .MILLI., .METRE. ) );
#1841 = DIRECTION ( 'NONE',  ( 1.058181320345852328E-13, 1.000000000000000000, 0.000000000000000000 ) ) ;
#1842 = ADVANCED_FACE ( 'NONE', ( #503 ), #1764, .T. ) ;
#1843 = UNCERTAINTY_MEASURE_WITH_UNIT (LENGTH_MEASURE( 1.000000000000000082E-05 ), #266, 'distance_accuracy_value', 'NONE');
#1844 = EDGE_LOOP ( 'NONE', ( #2177, #692, #1347, #384, #214, #2030, #1329, #1898 ) ) ;
#1845 = SURFACE_SIDE_STYLE ('',( #569 ) ) ;
#1846 = PRESENTATION_LAYER_ASSIGNMENT (  '', '', ( #1741 ) ) ;
#1847 = CARTESIAN_POINT ( 'NONE',  ( -0.02786404500041902987, 0.000000000000000000, 4.000000000000000000 ) ) ;
#1848 = ORIENTED_EDGE ( 'NONE', *, *, #1714, .T. ) ;
#1849 = CARTESIAN_POINT ( 'NONE',  ( -7.750000000000000888, 0.9999999999999986677, 3.100000000000000089 ) ) ;
#1850 = EDGE_CURVE ( 'NONE', #2313, #45, #485, .T. ) ;
#1851 = EDGE_LOOP ( 'NONE', ( #1691, #186, #2213, #1989, #396, #935, #1833, #1873 ) ) ;
#1852 = FILL_AREA_STYLE ('',( #714 ) ) ;
#1853 = DIRECTION ( 'NONE',  ( -1.000000000000000000, 0.000000000000000000, 0.000000000000000000 ) ) ;
#1854 =( NAMED_UNIT ( * ) SI_UNIT ( $, .STERADIAN. ) SOLID_ANGLE_UNIT ( ) );
#1855 = EDGE_CURVE ( 'NONE', #2344, #2054, #1025, .T. ) ;
#1856 = AXIS2_PLACEMENT_3D ( 'NONE', #113, #2117, #84 ) ;
#1857 = DIRECTION ( 'NONE',  ( 0.000000000000000000, 0.000000000000000000, -1.000000000000000000 ) ) ;
#1858 =( GEOMETRIC_REPRESENTATION_CONTEXT ( 3 ) GLOBAL_UNCERTAINTY_ASSIGNED_CONTEXT ( ( #926 ) ) GLOBAL_UNIT_ASSIGNED_CONTEXT ( ( #2079, #441, #2060 ) ) REPRESENTATION_CONTEXT ( 'NONE', 'WORKASPACE' ) );
#1859 = MECHANICAL_DESIGN_GEOMETRIC_PRESENTATION_REPRESENTATION (  '', ( #208 ), #2296 ) ;
#1860 = PRESENTATION_LAYER_ASSIGNMENT (  '', '', ( #1438 ) ) ;
#1861 = AXIS2_PLACEMENT_3D ( 'NONE', #1462, #13, #565 ) ;
#1862 = PRESENTATION_STYLE_ASSIGNMENT (( #1149 ) ) ;
#1863 =( GEOMETRIC_REPRESENTATION_CONTEXT ( 3 ) GLOBAL_UNCERTAINTY_ASSIGNED_CONTEXT ( ( #2237 ) ) GLOBAL_UNIT_ASSIGNED_CONTEXT ( ( #1871, #813, #1008 ) ) REPRESENTATION_CONTEXT ( 'NONE', 'WORKASPACE' ) );
#1864 = ORIENTED_EDGE ( 'NONE', *, *, #229, .T. ) ;
#1865 =( GEOMETRIC_REPRESENTATION_CONTEXT ( 3 ) GLOBAL_UNCERTAINTY_ASSIGNED_CONTEXT ( ( #1344 ) ) GLOBAL_UNIT_ASSIGNED_CONTEXT ( ( #1975, #1051, #2321 ) ) REPRESENTATION_CONTEXT ( 'NONE', 'WORKASPACE' ) );
#1866 = CARTESIAN_POINT ( 'NONE',  ( -4.499999999999998224, 4.000000000000000000, 4.000000000000000000 ) ) ;
#1867 =( GEOMETRIC_REPRESENTATION_CONTEXT ( 3 ) GLOBAL_UNCERTAINTY_ASSIGNED_CONTEXT ( ( #1812 ) ) GLOBAL_UNIT_ASSIGNED_CONTEXT ( ( #1552, #270, #468 ) ) REPRESENTATION_CONTEXT ( 'NONE', 'WORKASPACE' ) );
#1868 = MECHANICAL_DESIGN_GEOMETRIC_PRESENTATION_REPRESENTATION (  '', ( #2304 ), #2302 ) ;
#1869 =( LENGTH_UNIT ( ) NAMED_UNIT ( * ) SI_UNIT ( .MILLI., .METRE. ) );
#1870 = UNCERTAINTY_MEASURE_WITH_UNIT (LENGTH_MEASURE( 1.000000000000000082E-05 ), #1918, 'distance_accuracy_value', 'NONE');
#1871 =( LENGTH_UNIT ( ) NAMED_UNIT ( * ) SI_UNIT ( .MILLI., .METRE. ) );
#1872 = DIRECTION ( 'NONE',  ( -1.000000000000000000, 0.000000000000000000, 0.000000000000000000 ) ) ;
#1873 = ORIENTED_EDGE ( 'NONE', *, *, #146, .F. ) ;
#1874 = CARTESIAN_POINT ( 'NONE',  ( 4.270504732119705160, -3.500000000000000000, 0.000000000000000000 ) ) ;
#1875 = EDGE_CURVE ( 'NONE', #2087, #2224, #527, .T. ) ;
#1876 = DIRECTION ( 'NONE',  ( 0.6363636363636366866, 0.7713892158398699683, -1.659268465020189184E-13 ) ) ;
#1877 =( LENGTH_UNIT ( ) NAMED_UNIT ( * ) SI_UNIT ( .MILLI., .METRE. ) );
#1878 = VERTEX_POINT ( 'NONE', #919 ) ;
#1879 = DIRECTION ( 'NONE',  ( -0.000000000000000000, -0.000000000000000000, -1.000000000000000000 ) ) ;
#1880 = LINE ( 'NONE', #976, #1907 ) ;
#1881 = VERTEX_POINT ( 'NONE', #1077 ) ;
#1882 = EDGE_CURVE ( 'NONE', #1897, #1686, #1949, .T. ) ;
#1883 = DIRECTION ( 'NONE',  ( 1.000000000000000000, 0.000000000000000000, 0.000000000000000000 ) ) ;
#1884 = ORIENTED_EDGE ( 'NONE', *, *, #2269, .T. ) ;
#1885 = ORIENTED_EDGE ( 'NONE', *, *, #1226, .F. ) ;
#1886 = ORIENTED_EDGE ( 'NONE', *, *, #787, .T. ) ;
#1887 = SURFACE_STYLE_FILL_AREA ( #920 ) ;
#1888 = FILL_AREA_STYLE ('',( #2256 ) ) ;
#1889 = CYLINDRICAL_SURFACE ( 'NONE', #225, 0.4999999999999995559 ) ;
#1890 = CIRCLE ( 'NONE', #854, 0.5000000000000004441 ) ;
#1891 = FILL_AREA_STYLE ('',( #1737 ) ) ;
#1892 = VERTEX_POINT ( 'NONE', #2014 ) ;
#1893 = LINE ( 'NONE', #1488, #974 ) ;
#1894 = CIRCLE ( 'NONE', #980, 6.000000000000000000 ) ;
#1895 = FILL_AREA_STYLE_COLOUR ( '', #373 ) ;
#1896 = CARTESIAN_POINT ( 'NONE',  ( -4.270504732119704272, -3.500000000000000000, 0.000000000000000000 ) ) ;
#1897 = VERTEX_POINT ( 'NONE', #1278 ) ;
#1898 = ORIENTED_EDGE ( 'NONE', *, *, #1939, .T. ) ;
#1899 = STYLED_ITEM ( 'NONE', ( #1388 ), #1402 ) ;
#1900 = CARTESIAN_POINT ( 'NONE',  ( -7.750000000000000888, 0.9999999999999986677, 3.100000000000000089 ) ) ;
#1901 = EDGE_LOOP ( 'NONE', ( #1172, #554, #178, #1775 ) ) ;
#1902 =( NAMED_UNIT ( * ) PLANE_ANGLE_UNIT ( ) SI_UNIT ( $, .RADIAN. ) );
#1903 = FILL_AREA_STYLE_COLOUR ( '', #253 ) ;
#1904 = AXIS2_PLACEMENT_3D ( 'NONE', #1241, #2155, #2361 ) ;
#1905 = SURFACE_STYLE_FILL_AREA ( #87 ) ;
#1906 = DIRECTION ( 'NONE',  ( -1.000000000000000000, 0.000000000000000000, 0.000000000000000000 ) ) ;
#1907 = VECTOR ( 'NONE', #793, 1000.000000000000000 ) ;
#1908 = CARTESIAN_POINT ( 'NONE',  ( 7.750000000000000000, -1.500000000000004441, 3.100000000000000089 ) ) ;
#1909 = MECHANICAL_DESIGN_GEOMETRIC_PRESENTATION_REPRESENTATION (  '', ( #2332 ), #1405 ) ;
#1910 = EDGE_CURVE ( 'NONE', #1156, #1086, #1627, .T. ) ;
#1911 = STYLED_ITEM ( 'NONE', ( #1250 ), #1209 ) ;
#1912 = VECTOR ( 'NONE', #798, 1000.000000000000000 ) ;
#1913 = MECHANICAL_DESIGN_GEOMETRIC_PRESENTATION_REPRESENTATION (  '', ( #1765 ), #1075 ) ;
#1914 =( NAMED_UNIT ( * ) SI_UNIT ( $, .STERADIAN. ) SOLID_ANGLE_UNIT ( ) );
#1915 = ORIENTED_EDGE ( 'NONE', *, *, #723, .F. ) ;
#1916 = DIRECTION ( 'NONE',  ( -0.000000000000000000, -0.000000000000000000, -1.000000000000000000 ) ) ;
#1917 = DIRECTION ( 'NONE',  ( 0.000000000000000000, -0.000000000000000000, 1.000000000000000000 ) ) ;
#1918 =( LENGTH_UNIT ( ) NAMED_UNIT ( * ) SI_UNIT ( .MILLI., .METRE. ) );
#1919 = FILL_AREA_STYLE ('',( #658 ) ) ;
#1920 = CARTESIAN_POINT ( 'NONE',  ( -12.25000000000000000, 1.000000000000001776, 3.100000000000000089 ) ) ;
#1921 = DIRECTION ( 'NONE',  ( -0.000000000000000000, -0.000000000000000000, -1.000000000000000000 ) ) ;
#1922 = CARTESIAN_POINT ( 'NONE',  ( 4.270504732119705160, 4.000000000000000000, 3.500000000000000000 ) ) ;
#1923 =( NAMED_UNIT ( * ) PLANE_ANGLE_UNIT ( ) SI_UNIT ( $, .RADIAN. ) );
#1924 = ADVANCED_FACE ( 'NONE', ( #908 ), #175, .F. ) ;
#1925 =( NAMED_UNIT ( * ) SI_UNIT ( $, .STERADIAN. ) SOLID_ANGLE_UNIT ( ) );
#1926 = DIRECTION ( 'NONE',  ( -0.000000000000000000, -0.000000000000000000, -1.000000000000000000 ) ) ;
#1927 = DIRECTION ( 'NONE',  ( 0.000000000000000000, 0.000000000000000000, -1.000000000000000000 ) ) ;
#1928 = EDGE_CURVE ( 'NONE', #381, #1953, #690, .T. ) ;
#1929 = CARTESIAN_POINT ( 'NONE',  ( -12.25000000000000000, -1.224646799147346551E-16, 2.899999999999999911 ) ) ;
#1930 = LINE ( 'NONE', #1181, #429 ) ;
#1931 = AXIS2_PLACEMENT_3D ( 'NONE', #1541, #476, #958 ) ;
#1932 = EDGE_CURVE ( 'NONE', #1744, #381, #1289, .T. ) ;
#1933 = DIRECTION ( 'NONE',  ( 0.000000000000000000, 0.000000000000000000, 1.000000000000000000 ) ) ;
#1934 = UNCERTAINTY_MEASURE_WITH_UNIT (LENGTH_MEASURE( 1.000000000000000082E-05 ), #1840, 'distance_accuracy_value', 'NONE');
#1935 = PRESENTATION_STYLE_ASSIGNMENT (( #1208 ) ) ;
#1936 = DIRECTION ( 'NONE',  ( 0.000000000000000000, 0.000000000000000000, 1.000000000000000000 ) ) ;
#1937 = DIRECTION ( 'NONE',  ( -1.000000000000000000, 0.000000000000000000, 0.000000000000000000 ) ) ;
#1938 = SURFACE_STYLE_FILL_AREA ( #1970 ) ;
#1939 = EDGE_CURVE ( 'NONE', #2224, #161, #1464, .T. ) ;
#1940 = FILL_AREA_STYLE_COLOUR ( '', #781 ) ;
#1941 = PRESENTATION_LAYER_ASSIGNMENT (  '', '', ( #1369 ) ) ;
#1942 =( LENGTH_UNIT ( ) NAMED_UNIT ( * ) SI_UNIT ( .MILLI., .METRE. ) );
#1943 = CYLINDRICAL_SURFACE ( 'NONE', #2362, 0.5000000000000000000 ) ;
#1944 = MECHANICAL_DESIGN_GEOMETRIC_PRESENTATION_REPRESENTATION (  '', ( #2166 ), #1065 ) ;
#1945 = AXIS2_PLACEMENT_3D ( 'NONE', #1688, #426, #1176 ) ;
#1946 = MECHANICAL_DESIGN_GEOMETRIC_PRESENTATION_REPRESENTATION (  '', ( #2329 ), #833 ) ;
#1947 = STYLED_ITEM ( 'NONE', ( #1661 ), #2292 ) ;
#1948 = DIRECTION ( 'NONE',  ( -1.000000000000000000, 8.673617379884042375E-16, 0.000000000000000000 ) ) ;
#1949 = CIRCLE ( 'NONE', #2171, 5.500000000000000000 ) ;
#1950 = DIRECTION ( 'NONE',  ( 1.000000000000000000, 0.000000000000000000, 0.000000000000000000 ) ) ;
#1951 = PRESENTATION_STYLE_ASSIGNMENT (( #2100 ) ) ;
#1952 = CARTESIAN_POINT ( 'NONE',  ( -4.270504732119704272, -3.500000000000000000, 4.000000000000000000 ) ) ;
#1953 = VERTEX_POINT ( 'NONE', #363 ) ;
#1954 = EDGE_CURVE ( 'NONE', #1175, #2096, #2031, .T. ) ;
#1955 = PRESENTATION_STYLE_ASSIGNMENT (( #494 ) ) ;
#1956 = DIRECTION ( 'NONE',  ( 1.000000000000000000, 0.000000000000000000, -0.000000000000000000 ) ) ;
#1957 =( GEOMETRIC_REPRESENTATION_CONTEXT ( 3 ) GLOBAL_UNCERTAINTY_ASSIGNED_CONTEXT ( ( #202 ) ) GLOBAL_UNIT_ASSIGNED_CONTEXT ( ( #2183, #573, #385 ) ) REPRESENTATION_CONTEXT ( 'NONE', 'WORKASPACE' ) );
#1958 = EDGE_CURVE ( 'NONE', #161, #221, #1612, .T. ) ;
#1959 = ORIENTED_EDGE ( 'NONE', *, *, #992, .T. ) ;
#1960 = FILL_AREA_STYLE_COLOUR ( '', #711 ) ;
#1961 = FILL_AREA_STYLE_COLOUR ( '', #1433 ) ;
#1962 = LINE ( 'NONE', #2188, #1968 ) ;
#1963 = LINE ( 'NONE', #1223, #157 ) ;
#1964 = DIRECTION ( 'NONE',  ( 1.000000000000000000, -1.445602896647339410E-16, 0.000000000000000000 ) ) ;
#1965 =( NAMED_UNIT ( * ) PLANE_ANGLE_UNIT ( ) SI_UNIT ( $, .RADIAN. ) );
#1966 = ORIENTED_EDGE ( 'NONE', *, *, #2337, .T. ) ;
#1967 =( LENGTH_UNIT ( ) NAMED_UNIT ( * ) SI_UNIT ( .MILLI., .METRE. ) );
#1968 = VECTOR ( 'NONE', #1796, 1000.000000000000000 ) ;
#1969 = PLANE ( 'NONE',  #495 ) ;
#1970 = FILL_AREA_STYLE ('',( #1058 ) ) ;
#1971 = DIRECTION ( 'NONE',  ( -0.000000000000000000, -0.000000000000000000, 1.000000000000000000 ) ) ;
#1972 = ORIENTED_EDGE ( 'NONE', *, *, #1536, .T. ) ;
#1973 = PRESENTATION_LAYER_ASSIGNMENT (  '', '', ( #1899 ) ) ;
#1974 =( NAMED_UNIT ( * ) PLANE_ANGLE_UNIT ( ) SI_UNIT ( $, .RADIAN. ) );
#1975 =( LENGTH_UNIT ( ) NAMED_UNIT ( * ) SI_UNIT ( .MILLI., .METRE. ) );
#1976 = DIRECTION ( 'NONE',  ( -1.000000000000000000, 0.000000000000000000, 0.000000000000000000 ) ) ;
#1977 = STYLED_ITEM ( 'NONE', ( #2120 ), #108 ) ;
#1978 = COLOUR_RGB ( '',0.6470588235294117974, 0.6196078431372549211, 0.5882352941176470784 ) ;
#1979 = VECTOR ( 'NONE', #1114, 1000.000000000000000 ) ;
#1980 = CIRCLE ( 'NONE', #1675, 5.500000000000000000 ) ;
#1981 = MECHANICAL_DESIGN_GEOMETRIC_PRESENTATION_REPRESENTATION (  '', ( #871 ), #1571 ) ;
#1982 = STYLED_ITEM ( 'NONE', ( #1113 ), #1157 ) ;
#1983 = DIRECTION ( 'NONE',  ( 1.000000000000000000, 0.000000000000000000, 0.000000000000000000 ) ) ;
#1984 = ORIENTED_EDGE ( 'NONE', *, *, #670, .F. ) ;
#1985 = STYLED_ITEM ( 'NONE', ( #1337 ), #1774 ) ;
#1986 = DIRECTION ( 'NONE',  ( -1.000000000000000000, 0.000000000000000000, 0.000000000000000000 ) ) ;
#1987 = DIRECTION ( 'NONE',  ( -1.000000000000000000, 0.000000000000000000, 0.000000000000000000 ) ) ;
#1988 = CARTESIAN_POINT ( 'NONE',  ( 0.000000000000000000, 0.000000000000000000, 8.000000000000000000 ) ) ;
#1989 = ORIENTED_EDGE ( 'NONE', *, *, #1182, .T. ) ;
#1990 = DIRECTION ( 'NONE',  ( 0.000000000000000000, 0.000000000000000000, 1.000000000000000000 ) ) ;
#1991 = EDGE_LOOP ( 'NONE', ( #1807, #1706, #1225, #1109 ) ) ;
#1992 = CARTESIAN_POINT ( 'NONE',  ( 12.25000000000000000, -1.000000000000004663, 2.899999999999999911 ) ) ;
#1993 = ADVANCED_FACE ( 'NONE', ( #187 ), #2186, .T. ) ;
#1994 = PLANE ( 'NONE',  #388 ) ;
#1995 = DIRECTION ( 'NONE',  ( -1.000000000000000000, 0.000000000000000000, 0.000000000000000000 ) ) ;
#1996 = EDGE_CURVE ( 'NONE', #1338, #228, #981, .T. ) ;
#1997 = MANIFOLD_SOLID_BREP ( 'Fillet1', #914 ) ;
#1998 = VECTOR ( 'NONE', #2249, 1000.000000000000000 ) ;
#1999 = AXIS2_PLACEMENT_3D ( 'NONE', #1929, #488, #1027 ) ;
#2000 = DIRECTION ( 'NONE',  ( 0.000000000000000000, 0.000000000000000000, 1.000000000000000000 ) ) ;
#2001 = CARTESIAN_POINT ( 'NONE',  ( -0.02786404500041902987, 0.000000000000000000, 3.500000000000000000 ) ) ;
#2002 = EDGE_LOOP ( 'NONE', ( #1809, #2005, #1797, #1672 ) ) ;
#2003 = AXIS2_PLACEMENT_3D ( 'NONE', #2338, #352, #1821 ) ;
#2004 = CARTESIAN_POINT ( 'NONE',  ( 3.350000000000000089, 4.102566777143633281E-16, 4.000000000000000000 ) ) ;
#2005 = ORIENTED_EDGE ( 'NONE', *, *, #1536, .F. ) ;
#2006 = DIRECTION ( 'NONE',  ( 1.000000000000000000, 0.000000000000000000, 0.000000000000000000 ) ) ;
#2007 = LINE ( 'NONE', #1457, #1436 ) ;
#2008 = TOROIDAL_SURFACE ( 'NONE', #1561, 1.700000000000000178, 0.5000000000000000000 ) ;
#2009 = SURFACE_SIDE_STYLE ('',( #1826 ) ) ;
#2010 = FILL_AREA_STYLE ('',( #1274 ) ) ;
#2011 = LINE ( 'NONE', #874, #1703 ) ;
#2012 = SURFACE_SIDE_STYLE ('',( #1300 ) ) ;
#2013 = MECHANICAL_DESIGN_GEOMETRIC_PRESENTATION_REPRESENTATION (  '', ( #1669 ), #1284 ) ;
#2014 = CARTESIAN_POINT ( 'NONE',  ( -3.350000000000000089, 0.000000000000000000, 4.000000000000000000 ) ) ;
#2015 = ORIENTED_EDGE ( 'NONE', *, *, #254, .T. ) ;
#2016 = CIRCLE ( 'NONE', #753, 1.000000000000002665 ) ;
#2017 = EDGE_LOOP ( 'NONE', ( #2146, #152, #510, #291, #1308, #978, #1238, #1515, #1620, #730, #2354, #1984 ) ) ;
#2018 = CIRCLE ( 'NONE', #1786, 0.4999999999999995559 ) ;
#2019 = DIRECTION ( 'NONE',  ( -1.000000000000000000, 1.011922027653137537E-15, 0.000000000000000000 ) ) ;
#2020 = AXIS2_PLACEMENT_3D ( 'NONE', #1668, #409, #1335 ) ;
#2021 = PLANE ( 'NONE',  #2169 ) ;
#2022 = EDGE_LOOP ( 'NONE', ( #1885, #211, #1098, #1526 ) ) ;
#2023 = VECTOR ( 'NONE', #845, 1000.000000000000000 ) ;
#2024 = MECHANICAL_DESIGN_GEOMETRIC_PRESENTATION_REPRESENTATION (  '', ( #1729 ), #1858 ) ;
#2025 = EDGE_CURVE ( 'NONE', #345, #2313, #1010, .T. ) ;
#2026 = SURFACE_STYLE_FILL_AREA ( #1286 ) ;
#2027 =( NAMED_UNIT ( * ) SI_UNIT ( $, .STERADIAN. ) SOLID_ANGLE_UNIT ( ) );
#2028 = ORIENTED_EDGE ( 'NONE', *, *, #2114, .F. ) ;
#2029 = EDGE_CURVE ( 'NONE', #436, #1123, #467, .T. ) ;
#2030 = ORIENTED_EDGE ( 'NONE', *, *, #350, .T. ) ;
#2031 = LINE ( 'NONE', #2214, #1825 ) ;
#2032 = AXIS2_PLACEMENT_3D ( 'NONE', #1459, #1092, #2206 ) ;
#2033 =( NAMED_UNIT ( * ) PLANE_ANGLE_UNIT ( ) SI_UNIT ( $, .RADIAN. ) );
#2034 = CYLINDRICAL_SURFACE ( 'NONE', #1243, 1.000000000000002665 ) ;
#2035 = ADVANCED_FACE ( 'NONE', ( #1188 ), #2088, .T. ) ;
#2036 = CARTESIAN_POINT ( 'NONE',  ( 7.249999999999999112, 1.499999999999998224, 2.899999999999999911 ) ) ;
#2037 =( NAMED_UNIT ( * ) PLANE_ANGLE_UNIT ( ) SI_UNIT ( $, .RADIAN. ) );
#2038 = ORIENTED_EDGE ( 'NONE', *, *, #512, .T. ) ;
#2039 = CARTESIAN_POINT ( 'NONE',  ( -2.200000000000000178, 0.000000000000000000, 5.799999999999999822 ) ) ;
#2040 = FACE_OUTER_BOUND ( 'NONE', #2022, .T. ) ;
#2041 = PRESENTATION_STYLE_ASSIGNMENT (( #2374 ) ) ;
#2042 = UNCERTAINTY_MEASURE_WITH_UNIT (LENGTH_MEASURE( 1.000000000000000082E-05 ), #1644, 'distance_accuracy_value', 'NONE');
#2043 = STYLED_ITEM ( 'NONE', ( #770 ), #1041 ) ;
#2044 = ORIENTED_EDGE ( 'NONE', *, *, #1540, .T. ) ;
#2045 = DIRECTION ( 'NONE',  ( -1.011922027653137537E-15, -1.000000000000000000, 0.000000000000000000 ) ) ;
#2046 =( GEOMETRIC_REPRESENTATION_CONTEXT ( 3 ) GLOBAL_UNCERTAINTY_ASSIGNED_CONTEXT ( ( #1673 ) ) GLOBAL_UNIT_ASSIGNED_CONTEXT ( ( #77, #2081, #1721 ) ) REPRESENTATION_CONTEXT ( 'NONE', 'WORKASPACE' ) );
#2047 = CARTESIAN_POINT ( 'NONE',  ( 1.700000000000000178, 0.000000000000000000, 8.000000000000000000 ) ) ;
#2048 = DIRECTION ( 'NONE',  ( 1.000000000000000000, -1.284980352575412699E-16, 0.000000000000000000 ) ) ;
#2049 = LINE ( 'NONE', #597, #945 ) ;
#2050 = ORIENTED_EDGE ( 'NONE', *, *, #759, .F. ) ;
#2051 = DIRECTION ( 'NONE',  ( 1.224646799147353207E-16, 1.000000000000000000, -0.000000000000000000 ) ) ;
#2052 = LINE ( 'NONE', #416, #28 ) ;
#2053 = CARTESIAN_POINT ( 'NONE',  ( -4.656199340039638201, -3.818181818181817899, 0.000000000000000000 ) ) ;
#2054 = VERTEX_POINT ( 'NONE', #2230 ) ;
#2055 = ADVANCED_FACE ( 'NONE', ( #406 ), #1132, .T. ) ;
#2056 = ORIENTED_EDGE ( 'NONE', *, *, #2069, .T. ) ;
#2057 = FILL_AREA_STYLE ('',( #1537 ) ) ;
#2058 = COLOUR_RGB ( '',0.2509803921568627416, 0.2509803921568627416, 0.2509803921568627416 ) ;
#2059 = CYLINDRICAL_SURFACE ( 'NONE', #297, 5.999999999999999112 ) ;
#2060 =( NAMED_UNIT ( * ) SI_UNIT ( $, .STERADIAN. ) SOLID_ANGLE_UNIT ( ) );
#2061 = DIRECTION ( 'NONE',  ( -1.000000000000000000, -8.673617379884035472E-16, 0.000000000000000000 ) ) ;
#2062 = MECHANICAL_DESIGN_GEOMETRIC_PRESENTATION_REPRESENTATION (  '', ( #132 ), #1442 ) ;
#2063 = COLOUR_RGB ( '',0.6470588235294117974, 0.6196078431372549211, 0.5882352941176470784 ) ;
#2064 = AXIS2_PLACEMENT_3D ( 'NONE', #929, #549, #906 ) ;
#2065 = SURFACE_SIDE_STYLE ('',( #26 ) ) ;
#2066 = DIRECTION ( 'NONE',  ( 1.000000000000000000, 0.000000000000000000, 0.000000000000000000 ) ) ;
#2067 = ORIENTED_EDGE ( 'NONE', *, *, #229, .F. ) ;
#2068 = VECTOR ( 'NONE', #450, 1000.000000000000000 ) ;
#2069 = EDGE_CURVE ( 'NONE', #1467, #2344, #1583, .T. ) ;
#2070 = MECHANICAL_DESIGN_GEOMETRIC_PRESENTATION_REPRESENTATION (  '', ( #1758 ), #1865 ) ;
#2071 = FILL_AREA_STYLE_COLOUR ( '', #484 ) ;
#2072 = PRESENTATION_LAYER_ASSIGNMENT (  '', '', ( #949 ) ) ;
#2073 = CIRCLE ( 'NONE', #1146, 5.999999999999999112 ) ;
#2074 = DIRECTION ( 'NONE',  ( -1.000000000000000000, 0.000000000000000000, 0.000000000000000000 ) ) ;
#2075 = ORIENTED_EDGE ( 'NONE', *, *, #50, .T. ) ;
#2076 = VERTEX_POINT ( 'NONE', #1216 ) ;
#2077 = ORIENTED_EDGE ( 'NONE', *, *, #56, .T. ) ;
#2078 = DIRECTION ( 'NONE',  ( 0.000000000000000000, 0.000000000000000000, -1.000000000000000000 ) ) ;
#2079 =( LENGTH_UNIT ( ) NAMED_UNIT ( * ) SI_UNIT ( .MILLI., .METRE. ) );
#2080 = AXIS2_PLACEMENT_3D ( 'NONE', #2235, #537, #358 ) ;
#2081 =( NAMED_UNIT ( * ) PLANE_ANGLE_UNIT ( ) SI_UNIT ( $, .RADIAN. ) );
#2082 = FACE_OUTER_BOUND ( 'NONE', #1497, .T. ) ;
#2083 = DIRECTION ( 'NONE',  ( 1.000000000000000000, -8.673617379884043361E-16, 0.000000000000000000 ) ) ;
#2084 = SPHERICAL_SURFACE ( 'NONE', #1674, 0.5000000000000000000 ) ;
#2085 = ORIENTED_EDGE ( 'NONE', *, *, #1266, .F. ) ;
#2086 = EDGE_CURVE ( 'NONE', #1088, #1520, #679, .T. ) ;
#2087 = VERTEX_POINT ( 'NONE', #693 ) ;
#2088 = PLANE ( 'NONE',  #1785 ) ;
#2089 = FILL_AREA_STYLE_COLOUR ( '', #2063 ) ;
#2090 = DIRECTION ( 'NONE',  ( 1.000000000000000000, 0.000000000000000000, 0.000000000000000000 ) ) ;
#2091 = CIRCLE ( 'NONE', #2200, 5.999999999999999112 ) ;
#2092 = FILL_AREA_STYLE_COLOUR ( '', #1567 ) ;
#2093 = FILL_AREA_STYLE ('',( #256 ) ) ;
#2094 = COLOUR_RGB ( '',1.000000000000000000, 0.000000000000000000, 0.000000000000000000 ) ;
#2095 =( NAMED_UNIT ( * ) SI_UNIT ( $, .STERADIAN. ) SOLID_ANGLE_UNIT ( ) );
#2096 = VERTEX_POINT ( 'NONE', #2133 ) ;
#2097 = SURFACE_STYLE_FILL_AREA ( #1000 ) ;
#2098 =( NAMED_UNIT ( * ) PLANE_ANGLE_UNIT ( ) SI_UNIT ( $, .RADIAN. ) );
#2099 = PRESENTATION_LAYER_ASSIGNMENT (  '', '', ( #1977 ) ) ;
#2100 = SURFACE_STYLE_USAGE ( .BOTH. , #1122 ) ;
#2101 = CIRCLE ( 'NONE', #1032, 0.5000000000000000000 ) ;
#2102 = CARTESIAN_POINT ( 'NONE',  ( -2.200000000000000178, 0.000000000000000000, 7.500000000000000000 ) ) ;
#2103 = COLOUR_RGB ( '',0.6470588235294117974, 0.6196078431372549211, 0.5882352941176470784 ) ;
#2104 =( GEOMETRIC_REPRESENTATION_CONTEXT ( 3 ) GLOBAL_UNCERTAINTY_ASSIGNED_CONTEXT ( ( #1458 ) ) GLOBAL_UNIT_ASSIGNED_CONTEXT ( ( #1942, #119, #1412 ) ) REPRESENTATION_CONTEXT ( 'NONE', 'WORKASPACE' ) );
#2105 = FILL_AREA_STYLE_COLOUR ( '', #1490 ) ;
#2106 = CIRCLE ( 'NONE', #18, 5.999999999999999112 ) ;
#2107 = ADVANCED_FACE ( 'NONE', ( #663 ), #1396, .T. ) ;
#2108 =( GEOMETRIC_REPRESENTATION_CONTEXT ( 3 ) GLOBAL_UNCERTAINTY_ASSIGNED_CONTEXT ( ( #930 ) ) GLOBAL_UNIT_ASSIGNED_CONTEXT ( ( #1800, #890, #359 ) ) REPRESENTATION_CONTEXT ( 'NONE', 'WORKASPACE' ) );
#2109 = DIRECTION ( 'NONE',  ( -8.673617379884043361E-16, -1.000000000000000000, 0.000000000000000000 ) ) ;
#2110 = PRESENTATION_LAYER_ASSIGNMENT (  '', '', ( #428 ) ) ;
#2111 = MECHANICAL_DESIGN_GEOMETRIC_PRESENTATION_REPRESENTATION (  '', ( #1982 ), #717 ) ;
#2112 = PRESENTATION_LAYER_ASSIGNMENT (  '', '', ( #1147 ) ) ;
#2113 = PRESENTATION_STYLE_ASSIGNMENT (( #1023 ) ) ;
#2114 = EDGE_CURVE ( 'NONE', #143, #2076, #138, .T. ) ;
#2115 = VERTEX_POINT ( 'NONE', #1557 ) ;
#2116 =( NAMED_UNIT ( * ) SI_UNIT ( $, .STERADIAN. ) SOLID_ANGLE_UNIT ( ) );
#2117 = DIRECTION ( 'NONE',  ( -0.6363636363637644733, 0.7713892158397643861, -0.000000000000000000 ) ) ;
#2118 = CARTESIAN_POINT ( 'NONE',  ( -4.270504732119704272, 3.500000000000000000, 4.000000000000000000 ) ) ;
#2119 = SURFACE_STYLE_FILL_AREA ( #1919 ) ;
#2120 = PRESENTATION_STYLE_ASSIGNMENT (( #1390 ) ) ;
#2121 = ADVANCED_FACE ( 'NONE', ( #472 ), #852, .T. ) ;
#2122 = PRESENTATION_STYLE_ASSIGNMENT (( #1565 ) ) ;
#2123 = FILL_AREA_STYLE ('',( #2092 ) ) ;
#2124 = EDGE_LOOP ( 'NONE', ( #2150, #2044, #1638, #2174 ) ) ;
#2125 = DIRECTION ( 'NONE',  ( 0.000000000000000000, 0.000000000000000000, -1.000000000000000000 ) ) ;
#2126 = EDGE_LOOP ( 'NONE', ( #307, #137, #258, #1484 ) ) ;
#2127 = SURFACE_SIDE_STYLE ('',( #1576 ) ) ;
#2128 = LINE ( 'NONE', #810, #649 ) ;
#2129 = DIRECTION ( 'NONE',  ( -1.000000000000000000, 0.000000000000000000, 0.000000000000000000 ) ) ;
#2130 = SURFACE_SIDE_STYLE ('',( #688 ) ) ;
#2131 = SURFACE_STYLE_FILL_AREA ( #2290 ) ;
#2132 = UNCERTAINTY_MEASURE_WITH_UNIT (LENGTH_MEASURE( 1.000000000000000082E-05 ), #2301, 'distance_accuracy_value', 'NONE');
#2133 = CARTESIAN_POINT ( 'NONE',  ( 12.25000000000000000, 0.9999999999999993339, 2.899999999999999911 ) ) ;
#2134 = EDGE_CURVE ( 'NONE', #760, #2344, #1626, .T. ) ;
#2135 = DIRECTION ( 'NONE',  ( 0.000000000000000000, 0.000000000000000000, 1.000000000000000000 ) ) ;
#2136 = SURFACE_SIDE_STYLE ('',( #1905 ) ) ;
#2137 = DIRECTION ( 'NONE',  ( -1.000000000000000000, 0.000000000000000000, 0.000000000000000000 ) ) ;
#2138 = EDGE_CURVE ( 'NONE', #1360, #2334, #917, .T. ) ;
#2139 = PRESENTATION_LAYER_ASSIGNMENT (  '', '', ( #2332 ) ) ;
#2140 = ADVANCED_FACE ( 'NONE', ( #2196 ), #1264, .T. ) ;
#2141 = ORIENTED_EDGE ( 'NONE', *, *, #303, .F. ) ;
#2142 = CARTESIAN_POINT ( 'NONE',  ( 4.270504732119706048, 4.000000000000000000, 4.000000000000000000 ) ) ;
#2143 =( GEOMETRIC_REPRESENTATION_CONTEXT ( 3 ) GLOBAL_UNCERTAINTY_ASSIGNED_CONTEXT ( ( #1313 ) ) GLOBAL_UNIT_ASSIGNED_CONTEXT ( ( #764, #1699, #2095 ) ) REPRESENTATION_CONTEXT ( 'NONE', 'WORKASPACE' ) );
#2144 = DIRECTION ( 'NONE',  ( 0.000000000000000000, 0.000000000000000000, 1.000000000000000000 ) ) ;
#2145 = DIRECTION ( 'NONE',  ( -0.000000000000000000, -0.000000000000000000, -1.000000000000000000 ) ) ;
#2146 = ORIENTED_EDGE ( 'NONE', *, *, #50, .F. ) ;
#2147 = LINE ( 'NONE', #708, #323 ) ;
#2148 = FILL_AREA_STYLE ('',( #101 ) ) ;
#2149 = MECHANICAL_DESIGN_GEOMETRIC_PRESENTATION_REPRESENTATION (  '', ( #696 ), #1957 ) ;
#2150 = ORIENTED_EDGE ( 'NONE', *, *, #328, .T. ) ;
#2151 = DIRECTION ( 'NONE',  ( -8.673617379884043361E-16, -1.000000000000000000, 0.000000000000000000 ) ) ;
#2152 = CARTESIAN_POINT ( 'NONE',  ( 7.249999999999999112, 1.999999999999998224, 3.100000000000000089 ) ) ;
#2153 = DIRECTION ( 'NONE',  ( -1.000000000000000000, -1.011922027653137537E-15, -0.000000000000000000 ) ) ;
#2154 = LINE ( 'NONE', #859, #1373 ) ;
#2155 = DIRECTION ( 'NONE',  ( -0.000000000000000000, -0.000000000000000000, -1.000000000000000000 ) ) ;
#2156 = STYLED_ITEM ( 'NONE', ( #822 ), #621 ) ;
#2157 =( NAMED_UNIT ( * ) SI_UNIT ( $, .STERADIAN. ) SOLID_ANGLE_UNIT ( ) );
#2158 = DIRECTION ( 'NONE',  ( -0.000000000000000000, -0.000000000000000000, -1.000000000000000000 ) ) ;
#2159 = CARTESIAN_POINT ( 'NONE',  ( 7.750000000000000000, -1.500000000000004441, 2.899999999999999911 ) ) ;
#2160 = ORIENTED_EDGE ( 'NONE', *, *, #2291, .F. ) ;
#2161 = MECHANICAL_DESIGN_GEOMETRIC_PRESENTATION_REPRESENTATION (  '', ( #1746 ), #1712 ) ;
#2162 = SURFACE_STYLE_USAGE ( .BOTH. , #2345 ) ;
#2163 = FACE_OUTER_BOUND ( 'NONE', #2273, .T. ) ;
#2164 = CARTESIAN_POINT ( 'NONE',  ( 12.25000000000000000, -1.224646799147346551E-16, 3.100000000000000089 ) ) ;
#2165 = MECHANICAL_DESIGN_GEOMETRIC_PRESENTATION_REPRESENTATION (  '', ( #1601 ), #1183 ) ;
#2166 = STYLED_ITEM ( 'NONE', ( #1935 ), #2121 ) ;
#2167 = MECHANICAL_DESIGN_GEOMETRIC_PRESENTATION_REPRESENTATION (  '', ( #1036 ), #1723 ) ;
#2168 = CARTESIAN_POINT ( 'NONE',  ( -0.02786404500041902987, 3.500000000000000000, 3.500000000000000000 ) ) ;
#2169 = AXIS2_PLACEMENT_3D ( 'NONE', #383, #411, #790 ) ;
#2170 = COLOUR_RGB ( '',0.2509803921568627416, 0.2509803921568627416, 0.2509803921568627416 ) ;
#2172 = ADVANCED_FACE ( 'NONE', ( #1106 ), #172, .T. ) ;
#2171 = AXIS2_PLACEMENT_3D ( 'NONE', #2365, #540, #151 ) ;
#2173 =( LENGTH_UNIT ( ) NAMED_UNIT ( * ) SI_UNIT ( .MILLI., .METRE. ) );
#2174 = ORIENTED_EDGE ( 'NONE', *, *, #1996, .F. ) ;
#2175 = STYLED_ITEM ( 'NONE', ( #2122 ), #1091 ) ;
#2176 = CARTESIAN_POINT ( 'NONE',  ( 0.02786404500041989724, 0.000000000000000000, 3.500000000000000000 ) ) ;
#2177 = ORIENTED_EDGE ( 'NONE', *, *, #149, .T. ) ;
#2178 = DIRECTION ( 'NONE',  ( 1.000000000000000000, -2.602085213965210642E-13, -0.000000000000000000 ) ) ;
#2179 =( LENGTH_UNIT ( ) NAMED_UNIT ( * ) SI_UNIT ( .MILLI., .METRE. ) );
#2180 = AXIS2_PLACEMENT_3D ( 'NONE', #617, #924, #1135 ) ;
#2181 = EDGE_CURVE ( 'NONE', #1881, #2054, #209, .T. ) ;
#2182 = UNCERTAINTY_MEASURE_WITH_UNIT (LENGTH_MEASURE( 1.000000000000000082E-05 ), #1801, 'distance_accuracy_value', 'NONE');
#2183 =( LENGTH_UNIT ( ) NAMED_UNIT ( * ) SI_UNIT ( .MILLI., .METRE. ) );
#2184 = DIRECTION ( 'NONE',  ( -1.000000000000000000, 8.881784197001252323E-16, 0.000000000000000000 ) ) ;
#2185 = SURFACE_STYLE_FILL_AREA ( #1616 ) ;
#2186 = PLANE ( 'NONE',  #302 ) ;
#2187 = ORIENTED_EDGE ( 'NONE', *, *, #1760, .F. ) ;
#2188 = CARTESIAN_POINT ( 'NONE',  ( -7.750000000000000888, -2.000000000000000444, 3.100000000000000089 ) ) ;
#2189 = ORIENTED_EDGE ( 'NONE', *, *, #512, .F. ) ;
#2190 = DIRECTION ( 'NONE',  ( -8.673617379884035472E-16, 1.000000000000000000, 0.000000000000000000 ) ) ;
#2191 = DIRECTION ( 'NONE',  ( -0.000000000000000000, -0.000000000000000000, 1.000000000000000000 ) ) ;
#2192 = DIRECTION ( 'NONE',  ( -1.000000000000000000, 1.224646799147352961E-16, 0.000000000000000000 ) ) ;
#2193 = CARTESIAN_POINT ( 'NONE',  ( -12.25000000000000000, -1.224646799147346551E-16, 3.100000000000000089 ) ) ;
#2194 = CARTESIAN_POINT ( 'NONE',  ( 4.270504732119757563, -3.500000000000000000, 3.500000000000000000 ) ) ;
#2195 = PRESENTATION_LAYER_ASSIGNMENT (  '', '', ( #1206 ) ) ;
#2196 = FACE_OUTER_BOUND ( 'NONE', #414, .T. ) ;
#2197 = PRESENTATION_STYLE_ASSIGNMENT (( #343 ) ) ;
#2198 = ADVANCED_FACE ( 'NONE', ( #459 ), #2084, .T. ) ;
#2199 = VERTEX_POINT ( 'NONE', #195 ) ;
#2200 = AXIS2_PLACEMENT_3D ( 'NONE', #1247, #1440, #866 ) ;
#2201 = FACE_OUTER_BOUND ( 'NONE', #1844, .T. ) ;
#2202 = ORIENTED_EDGE ( 'NONE', *, *, #855, .T. ) ;
#2203 = LINE ( 'NONE', #557, #1042 ) ;
#2204 = CARTESIAN_POINT ( 'NONE',  ( -7.750000000000000888, -1.000000000000000000, 2.899999999999999911 ) ) ;
#2205 = CIRCLE ( 'NONE', #413, 0.5000000000000004441 ) ;
#2206 = DIRECTION ( 'NONE',  ( -1.000000000000000000, 0.000000000000000000, 0.000000000000000000 ) ) ;
#2207 = DIRECTION ( 'NONE',  ( -0.000000000000000000, -0.000000000000000000, -1.000000000000000000 ) ) ;
#2208 = EDGE_CURVE ( 'NONE', #1711, #53, #1568, .T. ) ;
#2209 = EDGE_LOOP ( 'NONE', ( #405, #1269, #1759, #2250 ) ) ;
#2210 = STYLED_ITEM ( 'NONE', ( #840 ), #807 ) ;
#2211 = SURFACE_STYLE_USAGE ( .BOTH. , #1435 ) ;
#2212 = EDGE_LOOP ( 'NONE', ( #1662, #438, #1518, #1511 ) ) ;
#2213 = ORIENTED_EDGE ( 'NONE', *, *, #505, .T. ) ;
#2214 = CARTESIAN_POINT ( 'NONE',  ( 12.25000000000000000, 0.9999999999999993339, 3.100000000000000089 ) ) ;
#2215 = VECTOR ( 'NONE', #2207, 1000.000000000000000 ) ;
#2216 = VERTEX_POINT ( 'NONE', #241 ) ;
#2217 = AXIS2_PLACEMENT_3D ( 'NONE', #1419, #1971, #1788 ) ;
#2218 = DIRECTION ( 'NONE',  ( 1.000000000000000000, 0.000000000000000000, 0.000000000000000000 ) ) ;
#2219 = PRESENTATION_LAYER_ASSIGNMENT (  '', '', ( #871 ) ) ;
#2220 = MECHANICAL_DESIGN_GEOMETRIC_PRESENTATION_REPRESENTATION (  '', ( #2175 ), #1867 ) ;
#2221 = SURFACE_STYLE_USAGE ( .BOTH. , #2065 ) ;
#2222 = EDGE_LOOP ( 'NONE', ( #765, #279, #7 ) ) ;
#2223 = PRESENTATION_LAYER_ASSIGNMENT (  '', '', ( #2270 ) ) ;
#2224 = VERTEX_POINT ( 'NONE', #2053 ) ;
#2225 = FILL_AREA_STYLE ('',( #1139 ) ) ;
#2226 = FILL_AREA_STYLE_COLOUR ( '', #19 ) ;
#2227 = CYLINDRICAL_SURFACE ( 'NONE', #638, 3.350000000000000089 ) ;
#2228 = CARTESIAN_POINT ( 'NONE',  ( -7.250000000000000888, 1.999999999999985789, 2.899999999999999911 ) ) ;
#2229 = ORIENTED_EDGE ( 'NONE', *, *, #70, .T. ) ;
#2230 = CARTESIAN_POINT ( 'NONE',  ( -12.25000000000000000, -1.000000000000004663, 2.899999999999999911 ) ) ;
#2231 =( NAMED_UNIT ( * ) PLANE_ANGLE_UNIT ( ) SI_UNIT ( $, .RADIAN. ) );
#2232 = ORIENTED_EDGE ( 'NONE', *, *, #1633, .F. ) ;
#2233 = FACE_OUTER_BOUND ( 'NONE', #682, .T. ) ;
#2234 = ORIENTED_EDGE ( 'NONE', *, *, #1428, .T. ) ;
#2235 = CARTESIAN_POINT ( 'NONE',  ( -7.250000000000000000, 1.499999999999985789, 3.100000000000000089 ) ) ;
#2236 =( NAMED_UNIT ( * ) PLANE_ANGLE_UNIT ( ) SI_UNIT ( $, .RADIAN. ) );
#2237 = UNCERTAINTY_MEASURE_WITH_UNIT (LENGTH_MEASURE( 1.000000000000000082E-05 ), #1871, 'distance_accuracy_value', 'NONE');
#2238 = DIRECTION ( 'NONE',  ( 1.000000000000000000, 0.000000000000000000, 0.000000000000000000 ) ) ;
#2239 = ORIENTED_EDGE ( 'NONE', *, *, #487, .T. ) ;
#2240 = PRESENTATION_LAYER_ASSIGNMENT (  '', '', ( #2043 ) ) ;
#2241 = EDGE_LOOP ( 'NONE', ( #1346, #542, #1062, #1022 ) ) ;
#2242 = CARTESIAN_POINT ( 'NONE',  ( -4.499999999999998224, -4.000000000000000000, 0.000000000000000000 ) ) ;
#2243 = SURFACE_STYLE_USAGE ( .BOTH. , #407 ) ;
#2244 = DIRECTION ( 'NONE',  ( 0.000000000000000000, 0.000000000000000000, -1.000000000000000000 ) ) ;
#2245 = DIRECTION ( 'NONE',  ( -0.000000000000000000, -0.000000000000000000, -1.000000000000000000 ) ) ;
#2246 = DIRECTION ( 'NONE',  ( -1.000000000000000000, 0.000000000000000000, 0.000000000000000000 ) ) ;
#2247 = ORIENTED_EDGE ( 'NONE', *, *, #1277, .T. ) ;
#2248 = FILL_AREA_STYLE ('',( #660 ) ) ;
#2249 = DIRECTION ( 'NONE',  ( 0.000000000000000000, 0.000000000000000000, -1.000000000000000000 ) ) ;
#2250 = ORIENTED_EDGE ( 'NONE', *, *, #1939, .F. ) ;
#2251 = DIRECTION ( 'NONE',  ( 0.000000000000000000, 0.000000000000000000, -1.000000000000000000 ) ) ;
#2252 = VERTEX_POINT ( 'NONE', #994 ) ;
#2253 = EDGE_LOOP ( 'NONE', ( #1658, #432, #805, #909 ) ) ;
#2254 = PRESENTATION_LAYER_ASSIGNMENT (  '', '', ( #1601 ) ) ;
#2255 = CARTESIAN_POINT ( 'NONE',  ( -4.656199340039638201, 3.818181818181817899, 3.500000000000000000 ) ) ;
#2256 = FILL_AREA_STYLE_COLOUR ( '', #377 ) ;
#2257 = CARTESIAN_POINT ( 'NONE',  ( 0.000000000000000000, 0.000000000000000000, 5.299999999999998934 ) ) ;
#2258 = EDGE_CURVE ( 'NONE', #1137, #2096, #803, .T. ) ;
#2259 = AXIS2_PLACEMENT_3D ( 'NONE', #1988, #883, #1475 ) ;
#2260 = STYLED_ITEM ( 'NONE', ( #463 ), #490 ) ;
#2261 = COLOUR_RGB ( '',0.2509803921568627416, 0.2509803921568627416, 0.2509803921568627416 ) ;
#2262 = DIRECTION ( 'NONE',  ( 0.000000000000000000, 0.000000000000000000, -1.000000000000000000 ) ) ;
#2263 =( LENGTH_UNIT ( ) NAMED_UNIT ( * ) SI_UNIT ( .MILLI., .METRE. ) );
#2264 = VERTEX_POINT ( 'NONE', #2228 ) ;
#2265 = CIRCLE ( 'NONE', #1143, 0.4999999999999996669 ) ;
#2266 = ORIENTED_EDGE ( 'NONE', *, *, #1153, .F. ) ;
#2267 = SURFACE_SIDE_STYLE ('',( #1354 ) ) ;
#2268 = DIRECTION ( 'NONE',  ( -1.000000000000000000, 0.000000000000000000, 0.000000000000000000 ) ) ;
#2269 = EDGE_CURVE ( 'NONE', #2356, #1835, #404, .T. ) ;
#2270 = STYLED_ITEM ( 'NONE', ( #2197 ), #1924 ) ;
#2271 = UNCERTAINTY_MEASURE_WITH_UNIT (LENGTH_MEASURE( 1.000000000000000082E-05 ), #1967, 'distance_accuracy_value', 'NONE');
#2272 = DIRECTION ( 'NONE',  ( 0.000000000000000000, 1.000000000000000000, 0.000000000000000000 ) ) ;
#2273 = EDGE_LOOP ( 'NONE', ( #1715, #248, #2015, #69, #315 ) ) ;
#2274 = VERTEX_POINT ( 'NONE', #1128 ) ;
#2275 = CARTESIAN_POINT ( 'NONE',  ( 0.000000000000000000, 0.000000000000000000, 8.000000000000000000 ) ) ;
#2276 = DIRECTION ( 'NONE',  ( 0.000000000000000000, 0.000000000000000000, -1.000000000000000000 ) ) ;
#2277 = CARTESIAN_POINT ( 'NONE',  ( 7.750000000000000000, 1.999999999999998668, 3.100000000000000089 ) ) ;
#2278 = VECTOR ( 'NONE', #582, 1000.000000000000000 ) ;
#2279 = CIRCLE ( 'NONE', #2080, 0.4999999999999995559 ) ;
#2280 = SURFACE_SIDE_STYLE ('',( #972 ) ) ;
#2281 = FILL_AREA_STYLE ('',( #1299 ) ) ;
#2282 = LINE ( 'NONE', #1184, #171 ) ;
#2283 = SURFACE_STYLE_FILL_AREA ( #2093 ) ;
#2284 = ORIENTED_EDGE ( 'NONE', *, *, #670, .T. ) ;
#2285 = SURFACE_STYLE_USAGE ( .BOTH. , #817 ) ;
#2286 = EDGE_CURVE ( 'NONE', #345, #2224, #337, .T. ) ;
#2287 = SURFACE_STYLE_FILL_AREA ( #1397 ) ;
#2288 = SURFACE_STYLE_USAGE ( .BOTH. , #251 ) ;
#2289 = LINE ( 'NONE', #1204, #1394 ) ;
#2290 = FILL_AREA_STYLE ('',( #1742 ) ) ;
#2291 = EDGE_CURVE ( 'NONE', #1298, #1137, #1345, .T. ) ;
#2292 = ADVANCED_FACE ( 'NONE', ( #1358 ), #1481, .T. ) ;
#2293 = FILL_AREA_STYLE_COLOUR ( '', #607 ) ;
#2294 = CARTESIAN_POINT ( 'NONE',  ( 5.684718294492800972, 1.999999999999997113, 4.000000000000000000 ) ) ;
#2295 = FILL_AREA_STYLE_COLOUR ( '', #2357 ) ;
#2296 =( GEOMETRIC_REPRESENTATION_CONTEXT ( 3 ) GLOBAL_UNCERTAINTY_ASSIGNED_CONTEXT ( ( #2132 ) ) GLOBAL_UNIT_ASSIGNED_CONTEXT ( ( #2301, #1923, #288 ) ) REPRESENTATION_CONTEXT ( 'NONE', 'WORKASPACE' ) );
#2297 =( NAMED_UNIT ( * ) PLANE_ANGLE_UNIT ( ) SI_UNIT ( $, .RADIAN. ) );
#2298 = VECTOR ( 'NONE', #287, 1000.000000000000000 ) ;
#2299 = CIRCLE ( 'NONE', #299, 1.000000000000002665 ) ;
#2300 = DIRECTION ( 'NONE',  ( 0.000000000000000000, 0.000000000000000000, 1.000000000000000000 ) ) ;
#2301 =( LENGTH_UNIT ( ) NAMED_UNIT ( * ) SI_UNIT ( .MILLI., .METRE. ) );
#2302 =( GEOMETRIC_REPRESENTATION_CONTEXT ( 3 ) GLOBAL_UNCERTAINTY_ASSIGNED_CONTEXT ( ( #794 ) ) GLOBAL_UNIT_ASSIGNED_CONTEXT ( ( #1398, #96, #2308 ) ) REPRESENTATION_CONTEXT ( 'NONE', 'WORKASPACE' ) );
#2303 = UNCERTAINTY_MEASURE_WITH_UNIT (LENGTH_MEASURE( 1.000000000000000082E-05 ), #1239, 'distance_accuracy_value', 'NONE');
#2304 = STYLED_ITEM ( 'NONE', ( #835 ), #1817 ) ;
#2305 = ORIENTED_EDGE ( 'NONE', *, *, #1242, .F. ) ;
#2306 = SURFACE_SIDE_STYLE ('',( #1570 ) ) ;
#2307 =( NAMED_UNIT ( * ) PLANE_ANGLE_UNIT ( ) SI_UNIT ( $, .RADIAN. ) );
#2308 =( NAMED_UNIT ( * ) SI_UNIT ( $, .STERADIAN. ) SOLID_ANGLE_UNIT ( ) );
#2309 = SURFACE_STYLE_FILL_AREA ( #1600 ) ;
#2310 = FILL_AREA_STYLE ('',( #497 ) ) ;
#2311 = SURFACE_SIDE_STYLE ('',( #1689 ) ) ;
#2312 = EDGE_CURVE ( 'NONE', #1078, #613, #1469, .T. ) ;
#2313 = VERTEX_POINT ( 'NONE', #6 ) ;
#2314 = FILL_AREA_STYLE_COLOUR ( '', #2094 ) ;
#2315 = EDGE_CURVE ( 'NONE', #635, #533, #2049, .T. ) ;
#2316 = CARTESIAN_POINT ( 'NONE',  ( -12.25000000000000000, -1.000000000000004663, 2.899999999999999911 ) ) ;
#2317 = PRESENTATION_STYLE_ASSIGNMENT (( #457 ) ) ;
#2318 = MECHANICAL_DESIGN_GEOMETRIC_PRESENTATION_REPRESENTATION (  '', ( #356 ), #117 ) ;
#2319 = SURFACE_SIDE_STYLE ('',( #298 ) ) ;
#2320 = CIRCLE ( 'NONE', #245, 2.200000000000000178 ) ;
#2321 =( NAMED_UNIT ( * ) SI_UNIT ( $, .STERADIAN. ) SOLID_ANGLE_UNIT ( ) );
#2322 = CIRCLE ( 'NONE', #1272, 5.500000000000000000 ) ;
#2323 = UNCERTAINTY_MEASURE_WITH_UNIT (LENGTH_MEASURE( 1.000000000000000082E-05 ), #1768, 'distance_accuracy_value', 'NONE');
#2324 = EDGE_LOOP ( 'NONE', ( #1160, #591, #1441, #964 ) ) ;
#2325 = CARTESIAN_POINT ( 'NONE',  ( -7.750000000000000888, -1.000000000000000000, 3.100000000000000089 ) ) ;
#2326 = FILL_AREA_STYLE_COLOUR ( '', #519 ) ;
#2327 = DIRECTION ( 'NONE',  ( -1.734723475976800192E-15, -1.000000000000000000, -0.000000000000000000 ) ) ;
#2328 = AXIS2_PLACEMENT_3D ( 'NONE', #367, #521, #355 ) ;
#2329 = STYLED_ITEM ( 'NONE', ( #824 ), #1505 ) ;
#2330 = DIRECTION ( 'NONE',  ( -1.000000000000000000, 0.000000000000000000, 0.000000000000000000 ) ) ;
#2331 = CARTESIAN_POINT ( 'NONE',  ( -2.850000000000000089, 3.490243377569956554E-16, 5.299999999999998934 ) ) ;
#2332 = STYLED_ITEM ( 'NONE', ( #2113 ), #2107 ) ;
#2333 = AXIS2_PLACEMENT_3D ( 'NONE', #966, #1148, #1872 ) ;
#2334 = VERTEX_POINT ( 'NONE', #52 ) ;
#2335 = SURFACE_STYLE_FILL_AREA ( #1055 ) ;
#2336 = COLOUR_RGB ( '',0.6470588235294117974, 0.6196078431372549211, 0.5882352941176470784 ) ;
#2337 = EDGE_CURVE ( 'NONE', #2076, #1569, #1336, .T. ) ;
#2338 = CARTESIAN_POINT ( 'NONE',  ( -0.02786404500041902987, 0.000000000000000000, 3.500000000000000000 ) ) ;
#2339 = FACE_BOUND ( 'NONE', #1281, .T. ) ;
#2340 = DIRECTION ( 'NONE',  ( 0.000000000000000000, 0.000000000000000000, -1.000000000000000000 ) ) ;
#2341 = FILL_AREA_STYLE ('',( #525 ) ) ;
#2342 = PRODUCT ( 'Push Button GrabCad', 'Push Button GrabCad', '', ( #1736 ) ) ;
#2343 = SURFACE_SIDE_STYLE ('',( #1808 ) ) ;
#2344 = VERTEX_POINT ( 'NONE', #2204 ) ;
#2345 = SURFACE_SIDE_STYLE ('',( #1621 ) ) ;
#2346 = EDGE_CURVE ( 'NONE', #1520, #635, #1690, .T. ) ;
#2347 = LINE ( 'NONE', #847, #46 ) ;
#2348 = EDGE_CURVE ( 'NONE', #579, #91, #2299, .T. ) ;
#2349 = PRESENTATION_STYLE_ASSIGNMENT (( #873 ) ) ;
#2350 = AXIS2_PLACEMENT_3D ( 'NONE', #1197, #1921, #1906 ) ;
#2351 = ADVANCED_FACE ( 'NONE', ( #2233 ), #2021, .F. ) ;
#2352 =( NAMED_UNIT ( * ) PLANE_ANGLE_UNIT ( ) SI_UNIT ( $, .RADIAN. ) );
#2353 = EDGE_CURVE ( 'NONE', #2368, #627, #2265, .T. ) ;
#2354 = ORIENTED_EDGE ( 'NONE', *, *, #1586, .F. ) ;
#2355 = DIRECTION ( 'NONE',  ( 0.000000000000000000, 0.000000000000000000, -1.000000000000000000 ) ) ;
#2356 = VERTEX_POINT ( 'NONE', #1704 ) ;
#2357 = COLOUR_RGB ( '',0.2509803921568627416, 0.2509803921568627416, 0.2509803921568627416 ) ;
#2358 = FACE_OUTER_BOUND ( 'NONE', #82, .T. ) ;
#2359 = SURFACE_STYLE_FILL_AREA ( #2225 ) ;
#2360 = SURFACE_STYLE_FILL_AREA ( #2010 ) ;
#2361 = DIRECTION ( 'NONE',  ( 1.000000000000000000, 0.000000000000000000, 0.000000000000000000 ) ) ;
#2362 = AXIS2_PLACEMENT_3D ( 'NONE', #1044, #120, #1052 ) ;
#2363 = SURFACE_STYLE_FILL_AREA ( #1426 ) ;
#2364 = AXIS2_PLACEMENT_3D ( 'NONE', #1896, #1532, #626 ) ;
#2365 = CARTESIAN_POINT ( 'NONE',  ( -0.02786404500041902987, 0.000000000000000000, 4.000000000000000000 ) ) ;
#2366 = ORIENTED_EDGE ( 'NONE', *, *, #254, .F. ) ;
#2367 = VECTOR ( 'NONE', #2019, 1000.000000000000000 ) ;
#2368 = VERTEX_POINT ( 'NONE', #1524 ) ;
#2369 = SURFACE_STYLE_USAGE ( .BOTH. , #164 ) ;
#2370 = CARTESIAN_POINT ( 'NONE',  ( 0.02786404500041989724, 0.000000000000000000, 2.899999999999999911 ) ) ;
#2371 = UNCERTAINTY_MEASURE_WITH_UNIT (LENGTH_MEASURE( 1.000000000000000082E-05 ), #601, 'distance_accuracy_value', 'NONE');
#2372 = PLANE ( 'NONE',  #1375 ) ;
#2373 = CARTESIAN_POINT ( 'NONE',  ( -6.027864045000418614, 0.000000000000000000, 2.899999999999999911 ) ) ;
#2374 = SURFACE_STYLE_USAGE ( .BOTH. , #2012 ) ;
#2375 = EDGE_CURVE ( 'NONE', #830, #887, #2106, .T. ) ;
#2376 = CIRCLE ( 'NONE', #1342, 0.4999999999999995559 ) ;
#2377 = FILL_AREA_STYLE ('',( #907 ) ) ;
#2378 = EDGE_CURVE ( 'NONE', #2054, #1582, #1578, .T. ) ;
#2379 =( NAMED_UNIT ( * ) SI_UNIT ( $, .STERADIAN. ) SOLID_ANGLE_UNIT ( ) );
#2380 = ORIENTED_EDGE ( 'NONE', *, *, #1189, .T. ) ;
#2381 = DIRECTION ( 'NONE',  ( -0.000000000000000000, -0.000000000000000000, -1.000000000000000000 ) ) ;
#2382 = ORIENTED_EDGE ( 'NONE', *, *, #2315, .T. ) ;
#2383 = ADVANCED_FACE ( 'NONE', ( #443 ), #1889, .T. ) ;
#2384 = DIRECTION ( 'NONE',  ( -8.673617379884035472E-16, -1.000000000000000000, 0.000000000000000000 ) ) ;
#2385 = CARTESIAN_POINT ( 'NONE',  ( 4.270504732119705160, 3.500000000000000000, 3.500000000000000000 ) ) ;
#2386 = PRESENTATION_LAYER_ASSIGNMENT (  '', '', ( #853 ) ) ;
#2387 =( NAMED_UNIT ( * ) PLANE_ANGLE_UNIT ( ) SI_UNIT ( $, .RADIAN. ) );
#2388 = ORIENTED_EDGE ( 'NONE', *, *, #780, .T. ) ;
ENDSEC;
END-ISO-10303-21;
